date,new_id,new_name,va_index,va_growth
2000-01-01,N1,반도체,12.19,
2000-02-01,N1,반도체,12.37,1.5173
2000-03-01,N1,반도체,12.51,1.0976
2000-04-01,N1,반도체,12.72,1.6584
2000-05-01,N1,반도체,12.86,1.115
2000-06-01,N1,반도체,12.9,0.276
2000-07-01,N1,반도체,12.86,-0.2984
2000-08-01,N1,반도체,12.92,0.4659
2000-09-01,N1,반도체,13.06,1.1267
2000-10-01,N1,반도체,13.07,0.0257
2000-11-01,N1,반도체,13.11,0.3155
2000-12-01,N1,반도체,13.14,0.2143
2001-01-01,N1,반도체,13.08,-0.4558
2001-02-01,N1,반도체,13.04,-0.2842
2001-03-01,N1,반도체,13.01,-0.2317
2001-04-01,N1,반도체,13.08,0.5059
2001-05-01,N1,반도체,13.1,0.1799
2001-06-01,N1,반도체,13.14,0.3397
2001-07-01,N1,반도체,13.24,0.7433
2001-08-01,N1,반도체,13.36,0.9033
2001-09-01,N1,반도체,13.67,2.2782
2001-10-01,N1,반도체,13.88,1.5475
2001-11-01,N1,반도체,14.12,1.7124
2001-12-01,N1,반도체,14.33,1.4674
2002-01-01,N1,반도체,14.58,1.71
2002-02-01,N1,반도체,14.91,2.2444
2002-03-01,N1,반도체,15.2,1.9354
2002-04-01,N1,반도체,15.59,2.5159
2002-05-01,N1,반도체,15.94,2.2412
2002-06-01,N1,반도체,16.19,1.5198
2002-07-01,N1,반도체,16.33,0.8662
2002-08-01,N1,반도체,16.42,0.5844
2002-09-01,N1,반도체,16.72,1.8083
2002-10-01,N1,반도체,16.77,0.2626
2002-11-01,N1,반도체,16.88,0.6789
2002-12-01,N1,반도체,17.06,1.0637
2003-01-01,N1,반도체,17.31,1.4309
2003-02-01,N1,반도체,17.55,1.4003
2003-03-01,N1,반도체,17.9,1.9816
2003-04-01,N1,반도체,18.37,2.5922
2003-05-01,N1,반도체,18.7,1.7631
2003-06-01,N1,반도체,19.02,1.7126
2003-07-01,N1,반도체,19.31,1.4791
2003-08-01,N1,반도체,19.78,2.4326
2003-09-01,N1,반도체,20.45,3.3432
2003-10-01,N1,반도체,20.91,2.1818
2003-11-01,N1,반도체,21.52,2.915
2003-12-01,N1,반도체,22.05,2.402
2004-01-01,N1,반도체,22.42,1.6916
2004-02-01,N1,반도체,22.78,1.5906
2004-03-01,N1,반도체,23.2,1.8205
2004-04-01,N1,반도체,23.7,2.129
2004-05-01,N1,반도체,24.03,1.3952
2004-06-01,N1,반도체,24.23,0.8128
2004-07-01,N1,반도체,24.48,1.0178
2004-08-01,N1,반도체,24.6,0.517
2004-09-01,N1,반도체,24.96,1.4536
2004-10-01,N1,반도체,25.09,0.4866
2004-11-01,N1,반도체,25.3,0.8496
2004-12-01,N1,반도체,25.39,0.3575
2005-01-01,N1,반도체,25.58,0.7391
2005-02-01,N1,반도체,25.96,1.4826
2005-03-01,N1,반도체,26.49,2.015
2005-04-01,N1,반도체,27.2,2.633
2005-05-01,N1,반도체,27.84,2.3246
2005-06-01,N1,반도체,28.32,1.7351
2005-07-01,N1,반도체,28.99,2.3288
2005-08-01,N1,반도체,29.4,1.4161
2005-09-01,N1,반도체,30.26,2.8752
2005-10-01,N1,반도체,30.72,1.5146
2005-11-01,N1,반도체,31.32,1.9211
2005-12-01,N1,반도체,31.83,1.6162
2006-01-01,N1,반도체,32.31,1.488
2006-02-01,N1,반도체,32.97,2.0148
2006-03-01,N1,반도체,33.71,2.243
2006-04-01,N1,반도체,34.47,2.2322
2006-05-01,N1,반도체,34.97,1.4189
2006-06-01,N1,반도체,34.83,-0.3908
2006-07-01,N1,반도체,35.02,0.5354
2006-08-01,N1,반도체,34.83,-0.5225
2006-09-01,N1,반도체,35.07,0.6797
2006-10-01,N1,반도체,35.09,0.0378
2006-11-01,N1,반도체,35.23,0.4066
2006-12-01,N1,반도체,35.51,0.7896
2007-01-01,N1,반도체,36.0,1.3656
2007-02-01,N1,반도체,36.69,1.9184
2007-03-01,N1,반도체,37.34,1.741
2007-04-01,N1,반도체,38.26,2.4324
2007-05-01,N1,반도체,38.86,1.5685
2007-06-01,N1,반도체,39.23,0.9352
2007-07-01,N1,반도체,40.23,2.5244
2007-08-01,N1,반도체,40.71,1.1845
2007-09-01,N1,반도체,41.94,2.9753
2007-10-01,N1,반도체,42.81,2.0502
2007-11-01,N1,반도체,43.83,2.3658
2007-12-01,N1,반도체,44.63,1.7953
2008-01-01,N1,반도체,45.31,1.5115
2008-02-01,N1,반도체,45.68,0.8122
2008-03-01,N1,반도체,46.04,0.7961
2008-04-01,N1,반도체,46.12,0.1814
2008-05-01,N1,반도체,45.09,-2.2714
2008-06-01,N1,반도체,43.48,-3.6409
2008-07-01,N1,반도체,42.5,-2.2717
2008-08-01,N1,반도체,41.7,-1.8964
2008-09-01,N1,반도체,41.76,0.1528
2008-10-01,N1,반도체,41.51,-0.6021
2008-11-01,N1,반도체,41.61,0.2275
2008-12-01,N1,반도체,41.73,0.2851
2009-01-01,N1,반도체,42.14,0.9755
2009-02-01,N1,반도체,42.51,0.8783
2009-03-01,N1,반도체,43.28,1.8047
2009-04-01,N1,반도체,43.9,1.4227
2009-05-01,N1,반도체,44.6,1.5753
2009-06-01,N1,반도체,45.82,2.6905
2009-07-01,N1,반도체,47.88,4.4103
2009-08-01,N1,반도체,49.25,2.8099
2009-09-01,N1,반도체,51.05,3.6036
2009-10-01,N1,반도체,52.21,2.2324
2009-11-01,N1,반도체,53.41,2.2768
2009-12-01,N1,반도체,54.38,1.8
2010-01-01,N1,반도체,55.34,1.7502
2010-02-01,N1,반도체,56.09,1.3421
2010-03-01,N1,반도체,56.8,1.2685
2010-04-01,N1,반도체,57.46,1.1535
2010-05-01,N1,반도체,58.06,1.0414
2010-06-01,N1,반도체,58.72,1.1249
2010-07-01,N1,반도체,59.42,1.1919
2010-08-01,N1,반도체,59.68,0.429
2010-09-01,N1,반도체,60.75,1.7728
2010-10-01,N1,반도체,60.97,0.3747
2010-11-01,N1,반도체,61.53,0.9085
2010-12-01,N1,반도체,61.74,0.3329
2011-01-01,N1,반도체,61.97,0.3761
2011-02-01,N1,반도체,61.95,-0.022
2011-03-01,N1,반도체,62.36,0.6457
2011-04-01,N1,반도체,63.07,1.1348
2011-05-01,N1,반도체,63.3,0.361
2011-06-01,N1,반도체,63.41,0.1727
2011-07-01,N1,반도체,63.34,-0.1008
2011-08-01,N1,반도체,63.46,0.1942
2011-09-01,N1,반도체,64.12,1.0297
2011-10-01,N1,반도체,63.9,-0.342
2011-11-01,N1,반도체,63.99,0.1355
2011-12-01,N1,반도체,63.74,-0.3857
2012-01-01,N1,반도체,63.46,-0.4374
2012-02-01,N1,반도체,63.48,0.0215
2012-03-01,N1,반도체,63.69,0.3371
2012-04-01,N1,반도체,64.05,0.5642
2012-05-01,N1,반도체,64.41,0.5539
2012-06-01,N1,반도체,64.94,0.8182
2012-07-01,N1,반도체,65.33,0.6023
2012-08-01,N1,반도체,65.2,-0.1957
2012-09-01,N1,반도체,65.54,0.5094
2012-10-01,N1,반도체,65.48,-0.0906
2012-11-01,N1,반도체,65.96,0.7426
2012-12-01,N1,반도체,65.87,-0.1453
2013-01-01,N1,반도체,66.23,0.5525
2013-02-01,N1,반도체,66.91,1.0142
2013-03-01,N1,반도체,67.32,0.6117
2013-04-01,N1,반도체,67.9,0.8637
2013-05-01,N1,반도체,68.08,0.2617
2013-06-01,N1,반도체,67.78,-0.4365
2013-07-01,N1,반도체,67.06,-1.0757
2013-08-01,N1,반도체,66.43,-0.9431
2013-09-01,N1,반도체,67.13,1.0451
2013-10-01,N1,반도체,67.11,-0.0204
2013-11-01,N1,반도체,67.1,-0.0203
2013-12-01,N1,반도체,67.04,-0.0884
2014-01-01,N1,반도체,67.4,0.5294
2014-02-01,N1,반도체,67.43,0.0474
2014-03-01,N1,반도체,67.34,-0.1355
2014-04-01,N1,반도체,67.29,-0.0677
2014-05-01,N1,반도체,66.89,-0.5916
2014-06-01,N1,반도체,66.5,-0.5881
2014-07-01,N1,반도체,66.03,-0.7185
2014-08-01,N1,반도체,65.65,-0.5665
2014-09-01,N1,반도체,65.91,0.3915
2014-10-01,N1,반도체,65.56,-0.5317
2014-11-01,N1,반도체,65.44,-0.1787
2014-12-01,N1,반도체,65.38,-0.1057
2015-01-01,N1,반도체,65.09,-0.4424
2015-02-01,N1,반도체,65.17,0.1206
2015-03-01,N1,반도체,65.91,1.1299
2015-04-01,N1,반도체,66.8,1.3431
2015-05-01,N1,반도체,67.2,0.6071
2015-06-01,N1,반도체,67.13,-0.1142
2015-07-01,N1,반도체,66.81,-0.4805
2015-08-01,N1,반도체,66.42,-0.5809
2015-09-01,N1,반도체,66.99,0.8507
2015-10-01,N1,반도체,67.14,0.2308
2015-11-01,N1,반도체,67.6,0.6891
2015-12-01,N1,반도체,68.28,0.9947
2016-01-01,N1,반도체,68.87,0.8576
2016-02-01,N1,반도체,69.69,1.1915
2016-03-01,N1,반도체,70.2,0.7228
2016-04-01,N1,반도체,70.23,0.0442
2016-05-01,N1,반도체,70.17,-0.0882
2016-06-01,N1,반도체,70.14,-0.0441
2016-07-01,N1,반도체,70.62,0.6817
2016-08-01,N1,반도체,70.79,0.2408
2016-09-01,N1,반도체,72.04,1.7555
2016-10-01,N1,반도체,72.31,0.3788
2016-11-01,N1,반도체,72.9,0.81
2016-12-01,N1,반도체,72.84,-0.085
2017-01-01,N1,반도체,72.8,-0.0496
2017-02-01,N1,반도체,73.28,0.6569
2017-03-01,N1,반도체,73.92,0.8692
2017-04-01,N1,반도체,74.64,0.9654
2017-05-01,N1,반도체,74.99,0.462
2017-06-01,N1,반도체,75.32,0.4393
2017-07-01,N1,반도체,75.58,0.3487
2017-08-01,N1,반도체,75.43,-0.1981
2017-09-01,N1,반도체,76.68,1.6483
2017-10-01,N1,반도체,77.16,0.6171
2017-11-01,N1,반도체,78.05,1.1436
2017-12-01,N1,반도체,79.17,1.4308
2018-01-01,N1,반도체,80.88,2.1404
2018-02-01,N1,반도체,82.08,1.469
2018-03-01,N1,반도체,83.04,1.156
2018-04-01,N1,반도체,83.99,1.1428
2018-05-01,N1,반도체,84.11,0.1412
2018-06-01,N1,반도체,84.26,0.1838
2018-07-01,N1,반도체,83.7,-0.6695
2018-08-01,N1,반도체,83.14,-0.6741
2018-09-01,N1,반도체,83.81,0.8035
2018-10-01,N1,반도체,83.65,-0.191
2018-11-01,N1,반도체,83.94,0.3448
2018-12-01,N1,반도체,84.67,0.8629
2019-01-01,N1,반도체,84.95,0.3345
2019-02-01,N1,반도체,85.12,0.2063
2019-03-01,N1,반도체,85.69,0.6584
2019-04-01,N1,반도체,86.41,0.8453
2019-05-01,N1,반도체,86.98,0.6545
2019-06-01,N1,반도체,88.2,1.39
2019-07-01,N1,반도체,88.39,0.2108
2019-08-01,N1,반도체,89.28,1.0052
2019-09-01,N1,반도체,91.61,2.5725
2019-10-01,N1,반도체,92.15,0.5978
2019-11-01,N1,반도체,93.21,1.134
2019-12-01,N1,반도체,94.47,1.3461
2020-01-01,N1,반도체,94.96,0.5176
2020-02-01,N1,반도체,95.71,0.7871
2020-03-01,N1,반도체,97.01,1.348
2020-04-01,N1,반도체,97.59,0.5958
2020-05-01,N1,반도체,98.3,0.7229
2020-06-01,N1,반도체,99.25,0.9613
2020-07-01,N1,반도체,99.48,0.2349
2020-08-01,N1,반도체,100.57,1.0894
2020-09-01,N1,반도체,102.74,2.1364
2020-10-01,N1,반도체,102.98,0.2371
2020-11-01,N1,반도체,104.84,1.782
2020-12-01,N1,반도체,106.59,1.6579
2021-01-01,N1,반도체,107.98,1.2998
2021-02-01,N1,반도체,110.24,2.0673
2021-03-01,N1,반도체,112.46,1.9915
2021-04-01,N1,반도체,113.89,1.2658
2021-05-01,N1,반도체,116.07,1.8955
2021-06-01,N1,반도체,118.67,2.214
2021-07-01,N1,반도체,119.62,0.7995
2021-08-01,N1,반도체,120.89,1.0582
2021-09-01,N1,반도체,123.91,2.4654
2021-10-01,N1,반도체,124.85,0.7597
2021-11-01,N1,반도체,126.88,1.6104
2021-12-01,N1,반도체,128.48,1.2533
2022-01-01,N1,반도체,128.77,0.2251
2022-02-01,N1,반도체,128.13,-0.4983
2022-03-01,N1,반도체,127.21,-0.7222
2022-04-01,N1,반도체,125.95,-0.9933
2022-05-01,N1,반도체,124.13,-1.4565
2022-06-01,N1,반도체,121.9,-1.815
2022-07-01,N1,반도체,117.7,-3.5051
2022-08-01,N1,반도체,114.11,-3.0968
2022-09-01,N1,반도체,112.95,-1.0202
2022-10-01,N1,반도체,109.81,-2.8188
2022-11-01,N1,반도체,108.46,-1.2429
2022-12-01,N1,반도체,107.28,-1.0879
2023-01-01,N1,반도체,105.28,-1.8857
2023-02-01,N1,반도체,105.49,0.2025
2023-03-01,N1,반도체,107.44,1.8323
2023-04-01,N1,반도체,108.45,0.9318
2023-05-01,N1,반도체,110.02,1.4371
2023-06-01,N1,반도체,112.46,2.1989
2023-07-01,N1,반도체,113.32,0.756
2023-08-01,N1,반도체,115.36,1.7861
2023-09-01,N1,반도체,119.18,3.2558
2023-10-01,N1,반도체,120.07,0.7453
2023-11-01,N1,반도체,122.28,1.8237
2023-12-01,N1,반도체,124.49,1.7911
2024-01-01,N1,반도체,125.41,0.7379
2024-02-01,N1,반도체,127.92,1.9853
2024-03-01,N1,반도체,129.04,0.8718
2024-04-01,N1,반도체,129.56,0.4007
2024-05-01,N1,반도체,130.85,0.989
2024-06-01,N1,반도체,132.39,1.1695
2024-07-01,N1,반도체,131.77,-0.4673
2024-08-01,N1,반도체,132.31,0.404
2024-09-01,N1,반도체,135.09,2.086
2024-10-01,N1,반도체,135.37,0.2029
2024-11-01,N1,반도체,137.32,1.4308
2024-12-01,N1,반도체,139.31,1.4379
2025-01-01,N1,반도체,140.09,0.5618
2025-02-01,N1,반도체,142.13,1.4418
2025-03-01,N1,반도체,144.96,1.9748
2025-04-01,N1,반도체,145.11,0.0998
2025-05-01,N1,반도체,145.42,0.2151
2025-06-01,N1,반도체,146.46,0.7101
2025-07-01,N1,반도체,145.8,-0.4493
2025-08-01,N1,반도체,147.27,1.0068
2025-09-01,N1,반도체,149.88,1.7517
2025-10-01,N1,반도체,149.77,-0.0735
2025-11-01,N1,반도체,151.87,1.3948
2025-12-01,N1,반도체,153.15,0.8363
2000-01-01,N2,이차전지,60.89,
2000-02-01,N2,이차전지,61.15,0.4291
2000-03-01,N2,이차전지,61.45,0.4896
2000-04-01,N2,이차전지,61.81,0.5906
2000-05-01,N2,이차전지,62.32,0.8187
2000-06-01,N2,이차전지,62.33,0.0136
2000-07-01,N2,이차전지,61.8,-0.8478
2000-08-01,N2,이차전지,61.71,-0.1442
2000-09-01,N2,이차전지,62.28,0.9201
2000-10-01,N2,이차전지,62.08,-0.3283
2000-11-01,N2,이차전지,62.31,0.3661
2000-12-01,N2,이차전지,62.17,-0.2217
2001-01-01,N2,이차전지,61.8,-0.6025
2001-02-01,N2,이차전지,61.53,-0.4342
2001-03-01,N2,이차전지,61.8,0.4381
2001-04-01,N2,이차전지,62.04,0.3853
2001-05-01,N2,이차전지,62.3,0.4268
2001-06-01,N2,이차전지,62.06,-0.3922
2001-07-01,N2,이차전지,62.29,0.3735
2001-08-01,N2,이차전지,62.43,0.2249
2001-09-01,N2,이차전지,63.32,1.4071
2001-10-01,N2,이차전지,63.88,0.8955
2001-11-01,N2,이차전지,64.98,1.6941
2001-12-01,N2,이차전지,65.34,0.5518
2002-01-01,N2,이차전지,65.77,0.6572
2002-02-01,N2,이차전지,66.52,1.1447
2002-03-01,N2,이차전지,67.38,1.2803
2002-04-01,N2,이차전지,68.3,1.3539
2002-05-01,N2,이차전지,69.11,1.1855
2002-06-01,N2,이차전지,69.42,0.443
2002-07-01,N2,이차전지,69.5,0.116
2002-08-01,N2,이차전지,69.43,-0.0992
2002-09-01,N2,이차전지,70.59,1.6485
2002-10-01,N2,이차전지,70.8,0.2962
2002-11-01,N2,이차전지,70.68,-0.1703
2002-12-01,N2,이차전지,70.3,-0.5339
2003-01-01,N2,이차전지,70.25,-0.0737
2003-02-01,N2,이차전지,69.8,-0.636
2003-03-01,N2,이차전지,70.01,0.295
2003-04-01,N2,이차전지,70.76,1.0727
2003-05-01,N2,이차전지,70.42,-0.4848
2003-06-01,N2,이차전지,70.11,-0.4486
2003-07-01,N2,이차전지,69.58,-0.7511
2003-08-01,N2,이차전지,69.76,0.2505
2003-09-01,N2,이차전지,70.59,1.1902
2003-10-01,N2,이차전지,70.81,0.317
2003-11-01,N2,이차전지,71.08,0.3763
2003-12-01,N2,이차전지,71.57,0.6809
2004-01-01,N2,이차전지,72.03,0.6416
2004-02-01,N2,이차전지,72.28,0.3432
2004-03-01,N2,이차전지,73.1,1.139
2004-04-01,N2,이차전지,73.82,0.9815
2004-05-01,N2,이차전지,73.93,0.1406
2004-06-01,N2,이차전지,74.02,0.1304
2004-07-01,N2,이차전지,74.0,-0.0374
2004-08-01,N2,이차전지,73.89,-0.1424
2004-09-01,N2,이차전지,74.96,1.4358
2004-10-01,N2,이차전지,74.83,-0.1676
2004-11-01,N2,이차전지,74.82,-0.0159
2004-12-01,N2,이차전지,74.93,0.1426
2005-01-01,N2,이차전지,74.89,-0.0554
2005-02-01,N2,이차전지,74.76,-0.1696
2005-03-01,N2,이차전지,75.54,1.0369
2005-04-01,N2,이차전지,76.41,1.1468
2005-05-01,N2,이차전지,76.78,0.4832
2005-06-01,N2,이차전지,76.58,-0.2653
2005-07-01,N2,이차전지,76.26,-0.4178
2005-08-01,N2,이차전지,76.2,-0.0774
2005-09-01,N2,이차전지,77.41,1.5745
2005-10-01,N2,이차전지,77.09,-0.4124
2005-11-01,N2,이차전지,77.33,0.3057
2005-12-01,N2,이차전지,77.44,0.1448
2006-01-01,N2,이차전지,77.02,-0.5423
2006-02-01,N2,이차전지,76.84,-0.2299
2006-03-01,N2,이차전지,77.55,0.917
2006-04-01,N2,이차전지,77.44,-0.1371
2006-05-01,N2,이차전지,77.63,0.2359
2006-06-01,N2,이차전지,77.04,-0.755
2006-07-01,N2,이차전지,77.01,-0.0461
2006-08-01,N2,이차전지,77.08,0.0918
2006-09-01,N2,이차전지,77.82,0.9597
2006-10-01,N2,이차전지,77.87,0.0606
2006-11-01,N2,이차전지,77.92,0.0606
2006-12-01,N2,이차전지,78.08,0.2041
2007-01-01,N2,이차전지,78.18,0.1359
2007-02-01,N2,이차전지,78.84,0.8414
2007-03-01,N2,이차전지,79.28,0.552
2007-04-01,N2,이차전지,79.96,0.8594
2007-05-01,N2,이차전지,80.62,0.8228
2007-06-01,N2,이차전지,80.13,-0.6166
2007-07-01,N2,이차전지,80.51,0.47
2007-08-01,N2,이차전지,80.45,-0.0731
2007-09-01,N2,이차전지,81.54,1.3473
2007-10-01,N2,이차전지,82.04,0.613
2007-11-01,N2,이차전지,82.57,0.6451
2007-12-01,N2,이차전지,83.14,0.6834
2008-01-01,N2,이차전지,83.96,0.9885
2008-02-01,N2,이차전지,84.13,0.2036
2008-03-01,N2,이차전지,84.75,0.7266
2008-04-01,N2,이차전지,85.93,1.3893
2008-05-01,N2,이차전지,85.45,-0.5644
2008-06-01,N2,이차전지,84.93,-0.6093
2008-07-01,N2,이차전지,84.02,-1.0753
2008-08-01,N2,이차전지,83.4,-0.7399
2008-09-01,N2,이차전지,84.12,0.8591
2008-10-01,N2,이차전지,84.47,0.413
2008-11-01,N2,이차전지,84.05,-0.5041
2008-12-01,N2,이차전지,84.38,0.3992
2009-01-01,N2,이차전지,84.67,0.3349
2009-02-01,N2,이차전지,83.9,-0.9099
2009-03-01,N2,이차전지,85.23,1.5695
2009-04-01,N2,이차전지,85.32,0.1106
2009-05-01,N2,이차전지,85.41,0.1036
2009-06-01,N2,이차전지,86.26,0.9895
2009-07-01,N2,이차전지,86.67,0.4757
2009-08-01,N2,이차전지,87.63,1.1038
2009-09-01,N2,이차전지,89.3,1.8912
2009-10-01,N2,이차전지,90.06,0.8458
2009-11-01,N2,이차전지,90.32,0.2877
2009-12-01,N2,이차전지,91.48,1.272
2010-01-01,N2,이차전지,92.07,0.6439
2010-02-01,N2,이차전지,92.25,0.198
2010-03-01,N2,이차전지,93.4,1.2342
2010-04-01,N2,이차전지,93.69,0.3096
2010-05-01,N2,이차전지,94.88,1.271
2010-06-01,N2,이차전지,95.51,0.6582
2010-07-01,N2,이차전지,95.26,-0.2657
2010-08-01,N2,이차전지,94.95,-0.3242
2010-09-01,N2,이차전지,96.56,1.6788
2010-10-01,N2,이차전지,96.59,0.0304
2010-11-01,N2,이차전지,96.99,0.4171
2010-12-01,N2,이차전지,97.27,0.2872
2011-01-01,N2,이차전지,97.14,-0.1284
2011-02-01,N2,이차전지,96.43,-0.7356
2011-03-01,N2,이차전지,96.84,0.4253
2011-04-01,N2,이차전지,97.08,0.2423
2011-05-01,N2,이차전지,97.17,0.0981
2011-06-01,N2,이차전지,96.72,-0.4695
2011-07-01,N2,이차전지,95.35,-1.4294
2011-08-01,N2,이차전지,94.9,-0.4707
2011-09-01,N2,이차전지,95.74,0.8857
2011-10-01,N2,이차전지,95.32,-0.4456
2011-11-01,N2,이차전지,95.35,0.0308
2011-12-01,N2,이차전지,95.15,-0.2081
2012-01-01,N2,이차전지,95.05,-0.1004
2012-02-01,N2,이차전지,94.64,-0.4334
2012-03-01,N2,이차전지,95.17,0.5569
2012-04-01,N2,이차전지,95.3,0.1387
2012-05-01,N2,이차전지,95.53,0.2385
2012-06-01,N2,이차전지,94.55,-1.0272
2012-07-01,N2,이차전지,93.86,-0.7402
2012-08-01,N2,이차전지,93.65,-0.2193
2012-09-01,N2,이차전지,94.33,0.7186
2012-10-01,N2,이차전지,94.33,0.0
2012-11-01,N2,이차전지,94.3,-0.0233
2012-12-01,N2,이차전지,93.99,-0.3353
2013-01-01,N2,이차전지,93.49,-0.5324
2013-02-01,N2,이차전지,92.78,-0.7566
2013-03-01,N2,이차전지,92.59,-0.2059
2013-04-01,N2,이차전지,92.94,0.3719
2013-05-01,N2,이차전지,92.88,-0.0632
2013-06-01,N2,이차전지,92.32,-0.6025
2013-07-01,N2,이차전지,91.93,-0.4302
2013-08-01,N2,이차전지,91.75,-0.1918
2013-09-01,N2,이차전지,92.73,1.0585
2013-10-01,N2,이차전지,92.67,-0.0634
2013-11-01,N2,이차전지,92.77,0.1108
2013-12-01,N2,이차전지,93.0,0.2529
2014-01-01,N2,이차전지,93.17,0.1735
2014-02-01,N2,이차전지,92.59,-0.6165
2014-03-01,N2,이차전지,93.17,0.6243
2014-04-01,N2,이차전지,93.94,0.8161
2014-05-01,N2,이차전지,93.74,-0.2112
2014-06-01,N2,이차전지,94.24,0.5311
2014-07-01,N2,이차전지,93.51,-0.77
2014-08-01,N2,이차전지,93.11,-0.4346
2014-09-01,N2,이차전지,93.77,0.7062
2014-10-01,N2,이차전지,93.46,-0.3297
2014-11-01,N2,이차전지,92.6,-0.9208
2014-12-01,N2,이차전지,92.6,-0.0029
2015-01-01,N2,이차전지,92.18,-0.4509
2015-02-01,N2,이차전지,91.33,-0.9318
2015-03-01,N2,이차전지,92.04,0.7792
2015-04-01,N2,이차전지,92.19,0.1619
2015-05-01,N2,이차전지,91.99,-0.2248
2015-06-01,N2,이차전지,92.22,0.2528
2015-07-01,N2,이차전지,91.18,-1.1342
2015-08-01,N2,이차전지,91.21,0.0307
2015-09-01,N2,이차전지,92.74,1.6634
2015-10-01,N2,이차전지,92.17,-0.6149
2015-11-01,N2,이차전지,92.16,-0.0076
2015-12-01,N2,이차전지,92.98,0.8795
2016-01-01,N2,이차전지,92.76,-0.2267
2016-02-01,N2,이차전지,92.53,-0.25
2016-03-01,N2,이차전지,93.43,0.966
2016-04-01,N2,이차전지,93.85,0.4422
2016-05-01,N2,이차전지,94.39,0.5742
2016-06-01,N2,이차전지,95.05,0.7039
2016-07-01,N2,이차전지,93.85,-1.278
2016-08-01,N2,이차전지,93.79,-0.0599
2016-09-01,N2,이차전지,95.1,1.3895
2016-10-01,N2,이차전지,94.75,-0.3696
2016-11-01,N2,이차전지,95.41,0.6938
2016-12-01,N2,이차전지,96.1,0.7182
2017-01-01,N2,이차전지,96.08,-0.0219
2017-02-01,N2,이차전지,96.34,0.2771
2017-03-01,N2,이차전지,97.63,1.3314
2017-04-01,N2,이차전지,97.41,-0.2302
2017-05-01,N2,이차전지,98.0,0.6033
2017-06-01,N2,이차전지,97.82,-0.1792
2017-07-01,N2,이차전지,96.98,-0.8646
2017-08-01,N2,이차전지,96.88,-0.1013
2017-09-01,N2,이차전지,97.58,0.7146
2017-10-01,N2,이차전지,97.12,-0.4685
2017-11-01,N2,이차전지,97.27,0.1517
2017-12-01,N2,이차전지,97.31,0.0361
2018-01-01,N2,이차전지,96.96,-0.354
2018-02-01,N2,이차전지,97.19,0.2386
2018-03-01,N2,이차전지,97.04,-0.1589
2018-04-01,N2,이차전지,96.84,-0.21
2018-05-01,N2,이차전지,97.92,1.117
2018-06-01,N2,이차전지,97.47,-0.4669
2018-07-01,N2,이차전지,97.05,-0.4329
2018-08-01,N2,이차전지,96.2,-0.8788
2018-09-01,N2,이차전지,97.28,1.1244
2018-10-01,N2,이차전지,97.45,0.1658
2018-11-01,N2,이차전지,97.89,0.4526
2018-12-01,N2,이차전지,98.04,0.1504
2019-01-01,N2,이차전지,98.59,0.5639
2019-02-01,N2,이차전지,98.54,-0.0498
2019-03-01,N2,이차전지,98.55,0.0071
2019-04-01,N2,이차전지,99.75,1.2103
2019-05-01,N2,이차전지,99.85,0.0984
2019-06-01,N2,이차전지,100.11,0.2668
2019-07-01,N2,이차전지,99.33,-0.7832
2019-08-01,N2,이차전지,98.76,-0.5805
2019-09-01,N2,이차전지,100.21,1.4605
2019-10-01,N2,이차전지,99.78,-0.4317
2019-11-01,N2,이차전지,98.7,-1.084
2019-12-01,N2,이차전지,98.55,-0.1553
2020-01-01,N2,이차전지,98.82,0.2741
2020-02-01,N2,이차전지,97.89,-0.9468
2020-03-01,N2,이차전지,98.89,1.0187
2020-04-01,N2,이차전지,99.27,0.3841
2020-05-01,N2,이차전지,99.17,-0.0992
2020-06-01,N2,이차전지,99.84,0.6759
2020-07-01,N2,이차전지,99.16,-0.6909
2020-08-01,N2,이차전지,99.2,0.0461
2020-09-01,N2,이차전지,100.89,1.682
2020-10-01,N2,이차전지,101.22,0.3315
2020-11-01,N2,이차전지,101.88,0.6523
2020-12-01,N2,이차전지,103.76,1.8291
2021-01-01,N2,이차전지,104.73,0.9276
2021-02-01,N2,이차전지,104.92,0.1816
2021-03-01,N2,이차전지,105.71,0.7447
2021-04-01,N2,이차전지,105.67,-0.036
2021-05-01,N2,이차전지,106.49,0.7752
2021-06-01,N2,이차전지,107.59,1.0314
2021-07-01,N2,이차전지,106.78,-0.7601
2021-08-01,N2,이차전지,106.63,-0.1427
2021-09-01,N2,이차전지,108.2,1.4673
2021-10-01,N2,이차전지,108.11,-0.0845
2021-11-01,N2,이차전지,108.67,0.5128
2021-12-01,N2,이차전지,109.6,0.8581
2022-01-01,N2,이차전지,109.95,0.319
2022-02-01,N2,이차전지,109.51,-0.4024
2022-03-01,N2,이차전지,110.17,0.5961
2022-04-01,N2,이차전지,110.83,0.5995
2022-05-01,N2,이차전지,111.16,0.3018
2022-06-01,N2,이차전지,111.55,0.3419
2022-07-01,N2,이차전지,110.37,-1.0637
2022-08-01,N2,이차전지,110.85,0.4406
2022-09-01,N2,이차전지,112.63,1.5877
2022-10-01,N2,이차전지,112.57,-0.0473
2022-11-01,N2,이차전지,113.05,0.4185
2022-12-01,N2,이차전지,113.41,0.3228
2023-01-01,N2,이차전지,112.95,-0.4104
2023-02-01,N2,이차전지,111.99,-0.8462
2023-03-01,N2,이차전지,111.99,-0.0068
2023-04-01,N2,이차전지,111.27,-0.6412
2023-05-01,N2,이차전지,110.89,-0.3427
2023-06-01,N2,이차전지,110.78,-0.0962
2023-07-01,N2,이차전지,109.6,-1.071
2023-08-01,N2,이차전지,108.76,-0.7741
2023-09-01,N2,이차전지,108.22,-0.4983
2023-10-01,N2,이차전지,106.71,-1.4029
2023-11-01,N2,이차전지,106.1,-0.5725
2023-12-01,N2,이차전지,105.36,-0.7057
2024-01-01,N2,이차전지,104.13,-1.1704
2024-02-01,N2,이차전지,103.13,-0.9625
2024-03-01,N2,이차전지,102.71,-0.4143
2024-04-01,N2,이차전지,102.61,-0.0964
2024-05-01,N2,이차전지,102.55,-0.0594
2024-06-01,N2,이차전지,103.06,0.5036
2024-07-01,N2,이차전지,101.11,-1.9169
2024-08-01,N2,이차전지,100.95,-0.1583
2024-09-01,N2,이차전지,101.88,0.9235
2024-10-01,N2,이차전지,102.1,0.2165
2024-11-01,N2,이차전지,101.94,-0.1642
2024-12-01,N2,이차전지,102.3,0.3579
2025-01-01,N2,이차전지,102.4,0.0967
2025-02-01,N2,이차전지,102.15,-0.2457
2025-03-01,N2,이차전지,103.47,1.2813
2025-04-01,N2,이차전지,103.09,-0.3612
2025-05-01,N2,이차전지,102.74,-0.3477
2025-06-01,N2,이차전지,103.53,0.7678
2025-07-01,N2,이차전지,102.74,-0.7604
2025-08-01,N2,이차전지,104.35,1.5469
2025-09-01,N2,이차전지,104.68,0.3237
2025-10-01,N2,이차전지,104.39,-0.2777
2025-11-01,N2,이차전지,104.25,-0.1344
2025-12-01,N2,이차전지,104.77,0.4905
2000-01-01,N3,바이오의약,29.93,
2000-02-01,N3,바이오의약,30.33,1.3311
2000-03-01,N3,바이오의약,30.85,1.7028
2000-04-01,N3,바이오의약,31.22,1.1856
2000-05-01,N3,바이오의약,31.33,0.3417
2000-06-01,N3,바이오의약,31.34,0.0498
2000-07-01,N3,바이오의약,31.21,-0.4163
2000-08-01,N3,바이오의약,31.39,0.5721
2000-09-01,N3,바이오의약,31.85,1.4521
2000-10-01,N3,바이오의약,32.04,0.5936
2000-11-01,N3,바이오의약,32.31,0.8348
2000-12-01,N3,바이오의약,32.93,1.909
2001-01-01,N3,바이오의약,33.3,1.0982
2001-02-01,N3,바이오의약,33.37,0.2155
2001-03-01,N3,바이오의약,33.6,0.6743
2001-04-01,N3,바이오의약,33.56,-0.1173
2001-05-01,N3,바이오의약,33.59,0.087
2001-06-01,N3,바이오의약,33.73,0.4398
2001-07-01,N3,바이오의약,33.98,0.739
2001-08-01,N3,바이오의약,34.2,0.6299
2001-09-01,N3,바이오의약,34.49,0.8439
2001-10-01,N3,바이오의약,34.61,0.3545
2001-11-01,N3,바이오의약,34.94,0.9404
2001-12-01,N3,바이오의약,35.09,0.4436
2002-01-01,N3,바이오의약,35.14,0.1431
2002-02-01,N3,바이오의약,35.08,-0.1772
2002-03-01,N3,바이오의약,35.35,0.7668
2002-04-01,N3,바이오의약,35.43,0.2208
2002-05-01,N3,바이오의약,35.58,0.4219
2002-06-01,N3,바이오의약,35.68,0.2712
2002-07-01,N3,바이오의약,35.74,0.1783
2002-08-01,N3,바이오의약,35.73,-0.0387
2002-09-01,N3,바이오의약,36.06,0.9353
2002-10-01,N3,바이오의약,36.12,0.1631
2002-11-01,N3,바이오의약,36.06,-0.1698
2002-12-01,N3,바이오의약,36.15,0.2581
2003-01-01,N3,바이오의약,36.42,0.7412
2003-02-01,N3,바이오의약,36.35,-0.2028
2003-03-01,N3,바이오의약,36.78,1.1921
2003-04-01,N3,바이오의약,37.31,1.4124
2003-05-01,N3,바이오의약,37.63,0.8565
2003-06-01,N3,바이오의약,37.88,0.6749
2003-07-01,N3,바이오의약,37.83,-0.1335
2003-08-01,N3,바이오의약,38.08,0.6607
2003-09-01,N3,바이오의약,38.62,1.3983
2003-10-01,N3,바이오의약,38.82,0.5235
2003-11-01,N3,바이오의약,38.92,0.2432
2003-12-01,N3,바이오의약,39.37,1.1717
2004-01-01,N3,바이오의약,39.62,0.6196
2004-02-01,N3,바이오의약,39.49,-0.3202
2004-03-01,N3,바이오의약,39.92,1.0765
2004-04-01,N3,바이오의약,40.23,0.7724
2004-05-01,N3,바이오의약,40.35,0.3107
2004-06-01,N3,바이오의약,40.65,0.7324
2004-07-01,N3,바이오의약,40.81,0.3899
2004-08-01,N3,바이오의약,40.94,0.3158
2004-09-01,N3,바이오의약,41.55,1.4708
2004-10-01,N3,바이오의약,41.61,0.1515
2004-11-01,N3,바이오의약,41.96,0.8425
2004-12-01,N3,바이오의약,42.62,1.5516
2005-01-01,N3,바이오의약,43.1,1.1271
2005-02-01,N3,바이오의약,43.2,0.2413
2005-03-01,N3,바이오의약,43.92,1.6398
2005-04-01,N3,바이오의약,44.44,1.1743
2005-05-01,N3,바이오의약,45.12,1.5169
2005-06-01,N3,바이오의약,45.49,0.8271
2005-07-01,N3,바이오의약,45.51,0.0449
2005-08-01,N3,바이오의약,45.91,0.8656
2005-09-01,N3,바이오의약,47.07,2.4935
2005-10-01,N3,바이오의약,47.28,0.4453
2005-11-01,N3,바이오의약,48.03,1.5873
2005-12-01,N3,바이오의약,48.75,1.4907
2006-01-01,N3,바이오의약,49.15,0.8014
2006-02-01,N3,바이오의약,49.11,-0.0782
2006-03-01,N3,바이오의약,49.77,1.3457
2006-04-01,N3,바이오의약,50.03,0.5192
2006-05-01,N3,바이오의약,50.44,0.8153
2006-06-01,N3,바이오의약,50.53,0.1664
2006-07-01,N3,바이오의약,50.84,0.6287
2006-08-01,N3,바이오의약,51.09,0.4877
2006-09-01,N3,바이오의약,51.7,1.1786
2006-10-01,N3,바이오의약,51.68,-0.027
2006-11-01,N3,바이오의약,52.01,0.6348
2006-12-01,N3,바이오의약,52.25,0.45
2007-01-01,N3,바이오의약,52.51,0.5081
2007-02-01,N3,바이오의약,52.52,0.0133
2007-03-01,N3,바이오의약,53.14,1.1732
2007-04-01,N3,바이오의약,53.75,1.1336
2007-05-01,N3,바이오의약,54.5,1.3847
2007-06-01,N3,바이오의약,54.79,0.532
2007-07-01,N3,바이오의약,55.11,0.5799
2007-08-01,N3,바이오의약,54.99,-0.2099
2007-09-01,N3,바이오의약,55.78,1.4226
2007-10-01,N3,바이오의약,56.15,0.6633
2007-11-01,N3,바이오의약,56.67,0.9312
2007-12-01,N3,바이오의약,57.32,1.1366
2008-01-01,N3,바이오의약,58.14,1.4134
2008-02-01,N3,바이오의약,57.85,-0.4952
2008-03-01,N3,바이오의약,58.54,1.1912
2008-04-01,N3,바이오의약,59.01,0.7983
2008-05-01,N3,바이오의약,58.82,-0.321
2008-06-01,N3,바이오의약,59.14,0.5342
2008-07-01,N3,바이오의약,59.35,0.3547
2008-08-01,N3,바이오의약,59.48,0.2239
2008-09-01,N3,바이오의약,60.49,1.687
2008-10-01,N3,바이오의약,60.75,0.4275
2008-11-01,N3,바이오의약,60.79,0.0634
2008-12-01,N3,바이오의약,61.36,0.9289
2009-01-01,N3,바이오의약,61.82,0.7448
2009-02-01,N3,바이오의약,60.67,-1.8812
2009-03-01,N3,바이오의약,61.78,1.8132
2009-04-01,N3,바이오의약,61.78,0.0
2009-05-01,N3,바이오의약,62.15,0.6102
2009-06-01,N3,바이오의약,63.08,1.4819
2009-07-01,N3,바이오의약,62.92,-0.2645
2009-08-01,N3,바이오의약,63.16,0.3841
2009-09-01,N3,바이오의약,63.53,0.5898
2009-10-01,N3,바이오의약,63.62,0.1466
2009-11-01,N3,바이오의약,63.67,0.0737
2009-12-01,N3,바이오의약,64.32,1.014
2010-01-01,N3,바이오의약,64.52,0.3024
2010-02-01,N3,바이오의약,63.88,-0.9827
2010-03-01,N3,바이오의약,65.19,2.0186
2010-04-01,N3,바이오의약,65.2,0.0245
2010-05-01,N3,바이오의약,65.62,0.6328
2010-06-01,N3,바이오의약,65.94,0.4983
2010-07-01,N3,바이오의약,65.8,-0.216
2010-08-01,N3,바이오의약,65.36,-0.6777
2010-09-01,N3,바이오의약,65.96,0.9231
2010-10-01,N3,바이오의약,66.16,0.2905
2010-11-01,N3,바이오의약,66.16,0.0077
2010-12-01,N3,바이오의약,66.77,0.9195
2011-01-01,N3,바이오의약,66.61,-0.2423
2011-02-01,N3,바이오의약,66.02,-0.8911
2011-03-01,N3,바이오의약,66.68,0.9972
2011-04-01,N3,바이오의약,66.38,-0.4556
2011-05-01,N3,바이오의약,66.25,-0.1904
2011-06-01,N3,바이오의약,66.24,-0.0152
2011-07-01,N3,바이오의약,65.57,-1.0271
2011-08-01,N3,바이오의약,65.29,-0.4246
2011-09-01,N3,바이오의약,65.63,0.5247
2011-10-01,N3,바이오의약,65.01,-0.9511
2011-11-01,N3,바이오의약,65.16,0.225
2011-12-01,N3,바이오의약,65.39,0.3636
2012-01-01,N3,바이오의약,65.32,-0.1082
2012-02-01,N3,바이오의약,65.11,-0.3252
2012-03-01,N3,바이오의약,65.82,1.0801
2012-04-01,N3,바이오의약,65.74,-0.1228
2012-05-01,N3,바이오의약,66.21,0.7121
2012-06-01,N3,바이오의약,66.42,0.3275
2012-07-01,N3,바이오의약,66.51,0.1291
2012-08-01,N3,바이오의약,66.59,0.1139
2012-09-01,N3,바이오의약,66.88,0.439
2012-10-01,N3,바이오의약,67.59,1.0592
2012-11-01,N3,바이오의약,68.11,0.7667
2012-12-01,N3,바이오의약,67.98,-0.193
2013-01-01,N3,바이오의약,67.99,0.0223
2013-02-01,N3,바이오의약,67.41,-0.8579
2013-03-01,N3,바이오의약,67.7,0.4261
2013-04-01,N3,바이오의약,67.72,0.0299
2013-05-01,N3,바이오의약,67.78,0.0894
2013-06-01,N3,바이오의약,67.84,0.0894
2013-07-01,N3,바이오의약,67.48,-0.5375
2013-08-01,N3,바이오의약,67.19,-0.435
2013-09-01,N3,바이오의약,67.62,0.6444
2013-10-01,N3,바이오의약,68.0,0.5661
2013-11-01,N3,바이오의약,67.73,-0.4093
2013-12-01,N3,바이오의약,67.75,0.0298
2014-01-01,N3,바이오의약,68.32,0.839
2014-02-01,N3,바이오의약,67.73,-0.8688
2014-03-01,N3,바이오의약,68.37,0.9499
2014-04-01,N3,바이오의약,68.6,0.3318
2014-05-01,N3,바이오의약,68.39,-0.3098
2014-06-01,N3,바이오의약,68.87,0.6992
2014-07-01,N3,바이오의약,68.37,-0.725
2014-08-01,N3,바이오의약,68.11,-0.3759
2014-09-01,N3,바이오의약,68.77,0.9555
2014-10-01,N3,바이오의약,69.14,0.5349
2014-11-01,N3,바이오의약,68.57,-0.8184
2014-12-01,N3,바이오의약,69.05,0.6945
2015-01-01,N3,바이오의약,69.47,0.6059
2015-02-01,N3,바이오의약,68.61,-1.2406
2015-03-01,N3,바이오의약,69.27,0.95
2015-04-01,N3,바이오의약,69.4,0.1915
2015-05-01,N3,바이오의약,69.58,0.2511
2015-06-01,N3,바이오의약,70.36,1.1234
2015-07-01,N3,바이오의약,69.95,-0.5851
2015-08-01,N3,바이오의약,70.04,0.1308
2015-09-01,N3,바이오의약,71.08,1.4741
2015-10-01,N3,바이오의약,71.38,0.4085
2015-11-01,N3,바이오의약,71.87,0.6847
2015-12-01,N3,바이오의약,73.18,1.8133
2016-01-01,N3,바이오의약,73.69,0.6971
2016-02-01,N3,바이오의약,73.63,-0.0804
2016-03-01,N3,바이오의약,74.7,1.4388
2016-04-01,N3,바이오의약,75.33,0.8406
2016-05-01,N3,바이오의약,76.11,1.032
2016-06-01,N3,바이오의약,77.03,1.1966
2016-07-01,N3,바이오의약,76.87,-0.2031
2016-08-01,N3,바이오의약,77.45,0.7543
2016-09-01,N3,바이오의약,78.52,1.3615
2016-10-01,N3,바이오의약,79.03,0.6499
2016-11-01,N3,바이오의약,78.98,-0.0613
2016-12-01,N3,바이오의약,79.27,0.361
2017-01-01,N3,바이오의약,79.62,0.441
2017-02-01,N3,바이오의약,79.64,0.0338
2017-03-01,N3,바이오의약,81.07,1.7707
2017-04-01,N3,바이오의약,81.31,0.2987
2017-05-01,N3,바이오의약,82.11,0.9761
2017-06-01,N3,바이오의약,83.14,1.2524
2017-07-01,N3,바이오의약,83.79,0.7748
2017-08-01,N3,바이오의약,83.72,-0.0836
2017-09-01,N3,바이오의약,84.63,1.082
2017-10-01,N3,바이오의약,85.48,1.0011
2017-11-01,N3,바이오의약,86.31,0.9663
2017-12-01,N3,바이오의약,87.47,1.3397
2018-01-01,N3,바이오의약,88.23,0.8589
2018-02-01,N3,바이오의약,88.24,0.0183
2018-03-01,N3,바이오의약,88.64,0.4448
2018-04-01,N3,바이오의약,88.88,0.2732
2018-05-01,N3,바이오의약,89.97,1.2234
2018-06-01,N3,바이오의약,90.24,0.2991
2018-07-01,N3,바이오의약,89.6,-0.7132
2018-08-01,N3,바이오의약,88.46,-1.2833
2018-09-01,N3,바이오의약,89.71,1.4095
2018-10-01,N3,바이오의약,90.49,0.8554
2018-11-01,N3,바이오의약,90.85,0.4042
2018-12-01,N3,바이오의약,90.8,-0.0534
2019-01-01,N3,바이오의약,90.93,0.1424
2019-02-01,N3,바이오의약,90.02,-1.0067
2019-03-01,N3,바이오의약,90.37,0.3824
2019-04-01,N3,바이오의약,91.48,1.2269
2019-05-01,N3,바이오의약,91.74,0.2765
2019-06-01,N3,바이오의약,92.22,0.5274
2019-07-01,N3,바이오의약,92.32,0.1052
2019-08-01,N3,바이오의약,93.05,0.789
2019-09-01,N3,바이오의약,95.09,2.1675
2019-10-01,N3,바이오의약,95.71,0.6543
2019-11-01,N3,바이오의약,96.04,0.3383
2019-12-01,N3,바이오의약,96.99,0.9865
2020-01-01,N3,바이오의약,98.58,1.6239
2020-02-01,N3,바이오의약,98.62,0.0393
2020-03-01,N3,바이오의약,100.58,1.9728
2020-04-01,N3,바이오의약,100.9,0.3184
2020-05-01,N3,바이오의약,100.81,-0.0903
2020-06-01,N3,바이오의약,100.95,0.1376
2020-07-01,N3,바이오의약,100.17,-0.7716
2020-08-01,N3,바이오의약,99.75,-0.4273
2020-09-01,N3,바이오의약,100.06,0.3109
2020-10-01,N3,바이오의약,99.78,-0.2798
2020-11-01,N3,바이오의약,99.64,-0.1402
2020-12-01,N3,바이오의약,100.18,0.5441
2021-01-01,N3,바이오의약,100.34,0.1627
2021-02-01,N3,바이오의약,99.43,-0.9096
2021-03-01,N3,바이오의약,100.79,1.3575
2021-04-01,N3,바이오의약,101.28,0.4766
2021-05-01,N3,바이오의약,102.49,1.1967
2021-06-01,N3,바이오의약,103.42,0.8976
2021-07-01,N3,바이오의약,103.62,0.195
2021-08-01,N3,바이오의약,104.15,0.5083
2021-09-01,N3,바이오의약,106.46,2.1904
2021-10-01,N3,바이오의약,107.73,1.1893
2021-11-01,N3,바이오의약,109.21,1.3675
2021-12-01,N3,바이오의약,110.97,1.5943
2022-01-01,N3,바이오의약,112.09,1.0027
2022-02-01,N3,바이오의약,112.44,0.3182
2022-03-01,N3,바이오의약,114.6,1.9018
2022-04-01,N3,바이오의약,115.45,0.7359
2022-05-01,N3,바이오의약,116.68,1.0639
2022-06-01,N3,바이오의약,117.67,0.8417
2022-07-01,N3,바이오의약,118.17,0.4281
2022-08-01,N3,바이오의약,119.07,0.7594
2022-09-01,N3,바이오의약,122.05,2.4672
2022-10-01,N3,바이오의약,122.31,0.2098
2022-11-01,N3,바이오의약,122.62,0.2537
2022-12-01,N3,바이오의약,123.37,0.6125
2023-01-01,N3,바이오의약,124.72,1.0893
2023-02-01,N3,바이오의약,125.92,0.9605
2023-03-01,N3,바이오의약,127.2,1.0063
2023-04-01,N3,바이오의약,127.03,-0.1344
2023-05-01,N3,바이오의약,128.48,1.1368
2023-06-01,N3,바이오의약,128.23,-0.1936
2023-07-01,N3,바이오의약,129.28,0.8143
2023-08-01,N3,바이오의약,130.57,0.9922
2023-09-01,N3,바이오의약,133.31,2.0778
2023-10-01,N3,바이오의약,133.88,0.4302
2023-11-01,N3,바이오의약,137.96,2.9998
2023-12-01,N3,바이오의약,140.73,1.9841
2024-01-01,N3,바이오의약,143.39,1.8751
2024-02-01,N3,바이오의약,144.27,0.6101
2024-03-01,N3,바이오의약,145.68,0.9749
2024-04-01,N3,바이오의약,147.67,1.3555
2024-05-01,N3,바이오의약,149.77,1.4151
2024-06-01,N3,바이오의약,151.13,0.9033
2024-07-01,N3,바이오의약,152.65,1.0021
2024-08-01,N3,바이오의약,153.58,0.6036
2024-09-01,N3,바이오의약,157.33,2.413
2024-10-01,N3,바이오의약,159.19,1.1777
2024-11-01,N3,바이오의약,160.09,0.5643
2024-12-01,N3,바이오의약,159.21,-0.5545
2025-01-01,N3,바이오의약,160.12,0.5691
2025-02-01,N3,바이오의약,159.95,-0.1068
2025-03-01,N3,바이오의약,161.94,1.2401
2025-04-01,N3,바이오의약,162.74,0.4927
2025-05-01,N3,바이오의약,162.84,0.062
2025-06-01,N3,바이오의약,164.52,1.0248
2025-07-01,N3,바이오의약,165.12,0.3655
2025-08-01,N3,바이오의약,166.89,1.0647
2025-09-01,N3,바이오의약,168.57,0.9997
2025-10-01,N3,바이오의약,167.04,-0.9112
2025-11-01,N3,바이오의약,165.97,-0.64
2025-12-01,N3,바이오의약,167.49,0.9083
2000-01-01,N4,신재생에너지,49.98,
2000-02-01,N4,신재생에너지,50.0,0.0292
2000-03-01,N4,신재생에너지,49.34,-1.312
2000-04-01,N4,신재생에너지,49.2,-0.285
2000-05-01,N4,신재생에너지,49.38,0.3489
2000-06-01,N4,신재생에너지,49.99,1.2458
2000-07-01,N4,신재생에너지,50.68,1.3646
2000-08-01,N4,신재생에너지,50.79,0.2199
2000-09-01,N4,신재생에너지,51.22,0.8403
2000-10-01,N4,신재생에너지,51.07,-0.2971
2000-11-01,N4,신재생에너지,51.28,0.4105
2000-12-01,N4,신재생에너지,51.41,0.2468
2001-01-01,N4,신재생에너지,51.82,0.8114
2001-02-01,N4,신재생에너지,51.94,0.225
2001-03-01,N4,신재생에너지,51.85,-0.1726
2001-04-01,N4,신재생에너지,52.24,0.7537
2001-05-01,N4,신재생에너지,52.81,1.0699
2001-06-01,N4,신재생에너지,53.7,1.6863
2001-07-01,N4,신재생에너지,54.36,1.2045
2001-08-01,N4,신재생에너지,54.19,-0.3088
2001-09-01,N4,신재생에너지,54.52,0.6071
2001-10-01,N4,신재생에너지,54.36,-0.2973
2001-11-01,N4,신재생에너지,54.54,0.3404
2001-12-01,N4,신재생에너지,54.66,0.2164
2002-01-01,N4,신재생에너지,55.22,1.0187
2002-02-01,N4,신재생에너지,55.39,0.3066
2002-03-01,N4,신재생에너지,55.33,-0.0997
2002-04-01,N4,신재생에너지,55.89,0.9953
2002-05-01,N4,신재생에너지,56.92,1.8258
2002-06-01,N4,신재생에너지,57.91,1.7223
2002-07-01,N4,신재생에너지,58.6,1.1857
2002-08-01,N4,신재생에너지,58.42,-0.3019
2002-09-01,N4,신재생에너지,59.08,1.1318
2002-10-01,N4,신재생에너지,58.95,-0.2238
2002-11-01,N4,신재생에너지,59.04,0.1455
2002-12-01,N4,신재생에너지,59.11,0.1245
2003-01-01,N4,신재생에너지,59.51,0.6674
2003-02-01,N4,신재생에너지,59.59,0.1389
2003-03-01,N4,신재생에너지,59.54,-0.0807
2003-04-01,N4,신재생에너지,60.13,0.9845
2003-05-01,N4,신재생에너지,60.55,0.701
2003-06-01,N4,신재생에너지,61.21,1.0751
2003-07-01,N4,신재생에너지,61.48,0.4401
2003-08-01,N4,신재생에너지,61.31,-0.2745
2003-09-01,N4,신재생에너지,61.77,0.7483
2003-10-01,N4,신재생에너지,61.44,-0.541
2003-11-01,N4,신재생에너지,61.5,0.1067
2003-12-01,N4,신재생에너지,61.73,0.3677
2004-01-01,N4,신재생에너지,62.38,1.0509
2004-02-01,N4,신재생에너지,62.86,0.7566
2004-03-01,N4,신재생에너지,62.84,-0.0305
2004-04-01,N4,신재생에너지,63.37,0.8446
2004-05-01,N4,신재생에너지,63.82,0.707
2004-06-01,N4,신재생에너지,64.71,1.3848
2004-07-01,N4,신재생에너지,65.2,0.7523
2004-08-01,N4,신재생에너지,65.07,-0.1997
2004-09-01,N4,신재생에너지,65.47,0.6177
2004-10-01,N4,신재생에너지,65.23,-0.364
2004-11-01,N4,신재생에너지,65.48,0.3713
2004-12-01,N4,신재생에너지,65.72,0.3782
2005-01-01,N4,신재생에너지,66.29,0.8594
2005-02-01,N4,신재생에너지,66.59,0.444
2005-03-01,N4,신재생에너지,66.45,-0.1966
2005-04-01,N4,신재생에너지,67.04,0.8808
2005-05-01,N4,신재생에너지,67.69,0.9539
2005-06-01,N4,신재생에너지,69.09,2.0548
2005-07-01,N4,신재생에너지,69.8,1.0228
2005-08-01,N4,신재생에너지,69.63,-0.2503
2005-09-01,N4,신재생에너지,70.11,0.6962
2005-10-01,N4,신재생에너지,69.64,-0.6812
2005-11-01,N4,신재생에너지,69.68,0.0683
2005-12-01,N4,신재생에너지,69.75,0.0909
2006-01-01,N4,신재생에너지,70.15,0.5746
2006-02-01,N4,신재생에너지,70.67,0.736
2006-03-01,N4,신재생에너지,70.56,-0.1572
2006-04-01,N4,신재생에너지,70.85,0.4188
2006-05-01,N4,신재생에너지,71.41,0.7806
2006-06-01,N4,신재생에너지,72.43,1.4191
2006-07-01,N4,신재생에너지,72.66,0.3136
2006-08-01,N4,신재생에너지,72.02,-0.8773
2006-09-01,N4,신재생에너지,72.36,0.4689
2006-10-01,N4,신재생에너지,72.04,-0.4393
2006-11-01,N4,신재생에너지,72.1,0.0734
2006-12-01,N4,신재생에너지,72.2,0.1467
2007-01-01,N4,신재생에너지,72.68,0.6644
2007-02-01,N4,신재생에너지,73.28,0.8188
2007-03-01,N4,신재생에너지,72.8,-0.6587
2007-04-01,N4,신재생에너지,73.23,0.5938
2007-05-01,N4,신재생에너지,74.2,1.3057
2007-06-01,N4,신재생에너지,75.34,1.5349
2007-07-01,N4,신재생에너지,76.13,1.0336
2007-08-01,N4,신재생에너지,76.06,-0.0904
2007-09-01,N4,신재생에너지,76.79,0.9618
2007-10-01,N4,신재생에너지,76.34,-0.5871
2007-11-01,N4,신재생에너지,76.33,-0.0138
2007-12-01,N4,신재생에너지,76.44,0.1453
2008-01-01,N4,신재생에너지,77.23,1.0254
2008-02-01,N4,신재생에너지,77.67,0.5735
2008-03-01,N4,신재생에너지,77.34,-0.4368
2008-04-01,N4,신재생에너지,78.08,0.9594
2008-05-01,N4,신재생에너지,78.56,0.6145
2008-06-01,N4,신재생에너지,79.29,0.9245
2008-07-01,N4,신재생에너지,79.54,0.3063
2008-08-01,N4,신재생에너지,78.57,-1.2176
2008-09-01,N4,신재생에너지,78.48,-0.1146
2008-10-01,N4,신재생에너지,77.86,-0.7983
2008-11-01,N4,신재생에너지,77.81,-0.0612
2008-12-01,N4,신재생에너지,77.91,0.1222
2009-01-01,N4,신재생에너지,78.47,0.7237
2009-02-01,N4,신재생에너지,78.46,-0.0135
2009-03-01,N4,신재생에너지,78.26,-0.2564
2009-04-01,N4,신재생에너지,78.52,0.3239
2009-05-01,N4,신재생에너지,79.02,0.6445
2009-06-01,N4,신재생에너지,80.6,1.9747
2009-07-01,N4,신재생에너지,82.6,2.4516
2009-08-01,N4,신재생에너지,83.01,0.4959
2009-09-01,N4,신재생에너지,84.24,1.468
2009-10-01,N4,신재생에너지,84.37,0.1546
2009-11-01,N4,신재생에너지,84.47,0.1233
2009-12-01,N4,신재생에너지,84.56,0.101
2010-01-01,N4,신재생에너지,84.99,0.5081
2010-02-01,N4,신재생에너지,85.12,0.1522
2010-03-01,N4,신재생에너지,84.72,-0.4705
2010-04-01,N4,신재생에너지,85.05,0.3952
2010-05-01,N4,신재생에너지,86.37,1.5308
2010-06-01,N4,신재생에너지,88.44,2.3729
2010-07-01,N4,신재생에너지,90.45,2.2473
2010-08-01,N4,신재생에너지,89.46,-1.1021
2010-09-01,N4,신재생에너지,90.09,0.7061
2010-10-01,N4,신재생에너지,89.55,-0.6082
2010-11-01,N4,신재생에너지,89.24,-0.3471
2010-12-01,N4,신재생에너지,89.38,0.1586
2011-01-01,N4,신재생에너지,90.21,0.9238
2011-02-01,N4,신재생에너지,90.56,0.388
2011-03-01,N4,신재생에너지,90.42,-0.1565
2011-04-01,N4,신재생에너지,91.16,0.8245
2011-05-01,N4,신재생에너지,91.77,0.6635
2011-06-01,N4,신재생에너지,93.22,1.5676
2011-07-01,N4,신재생에너지,93.82,0.6418
2011-08-01,N4,신재생에너지,92.35,-1.5794
2011-09-01,N4,신재생에너지,92.67,0.3499
2011-10-01,N4,신재생에너지,91.54,-1.23
2011-11-01,N4,신재생에너지,91.05,-0.5392
2011-12-01,N4,신재생에너지,90.89,-0.1705
2012-01-01,N4,신재생에너지,91.44,0.5992
2012-02-01,N4,신재생에너지,91.6,0.1694
2012-03-01,N4,신재생에너지,91.3,-0.3245
2012-04-01,N4,신재생에너지,91.73,0.4717
2012-05-01,N4,신재생에너지,92.67,1.0167
2012-06-01,N4,신재생에너지,94.82,2.295
2012-07-01,N4,신재생에너지,95.3,0.5037
2012-08-01,N4,신재생에너지,94.2,-1.1602
2012-09-01,N4,신재생에너지,93.9,-0.3226
2012-10-01,N4,신재생에너지,92.9,-1.0615
2012-11-01,N4,신재생에너지,92.51,-0.4219
2012-12-01,N4,신재생에너지,92.44,-0.0802
2013-01-01,N4,신재생에너지,93.05,0.6545
2013-02-01,N4,신재생에너지,93.19,0.1521
2013-03-01,N4,신재생에너지,92.54,-0.6972
2013-04-01,N4,신재생에너지,92.93,0.4218
2013-05-01,N4,신재생에너지,93.91,1.0467
2013-06-01,N4,신재생에너지,95.24,1.4119
2013-07-01,N4,신재생에너지,95.44,0.2051
2013-08-01,N4,신재생에너지,94.46,-1.0299
2013-09-01,N4,신재생에너지,94.4,-0.0643
2013-10-01,N4,신재생에너지,93.5,-0.962
2013-11-01,N4,신재생에너지,93.15,-0.3684
2013-12-01,N4,신재생에너지,93.16,0.0072
2014-01-01,N4,신재생에너지,93.64,0.5127
2014-02-01,N4,신재생에너지,93.39,-0.2668
2014-03-01,N4,신재생에너지,92.84,-0.594
2014-04-01,N4,신재생에너지,93.5,0.7167
2014-05-01,N4,신재생에너지,94.07,0.6041
2014-06-01,N4,신재생에너지,95.67,1.6847
2014-07-01,N4,신재생에너지,95.92,0.2625
2014-08-01,N4,신재생에너지,94.3,-1.7021
2014-09-01,N4,신재생에너지,94.15,-0.1658
2014-10-01,N4,신재생에너지,93.11,-1.101
2014-11-01,N4,신재생에너지,92.75,-0.3955
2014-12-01,N4,신재생에너지,92.61,-0.144
2015-01-01,N4,신재생에너지,93.18,0.6049
2015-02-01,N4,신재생에너지,93.46,0.3005
2015-03-01,N4,신재생에너지,93.55,0.1044
2015-04-01,N4,신재생에너지,93.87,0.3379
2015-05-01,N4,신재생에너지,94.21,0.365
2015-06-01,N4,신재생에너지,95.2,1.0466
2015-07-01,N4,신재생에너지,94.94,-0.2759
2015-08-01,N4,신재생에너지,93.9,-1.103
2015-09-01,N4,신재생에너지,94.25,0.3665
2015-10-01,N4,신재생에너지,93.1,-1.2268
2015-11-01,N4,신재생에너지,92.74,-0.3788
2015-12-01,N4,신재생에너지,92.71,-0.0387
2016-01-01,N4,신재생에너지,93.13,0.4483
2016-02-01,N4,신재생에너지,93.45,0.3464
2016-03-01,N4,신재생에너지,93.13,-0.3465
2016-04-01,N4,신재생에너지,93.03,-0.1004
2016-05-01,N4,신재생에너지,93.67,0.6848
2016-06-01,N4,신재생에너지,94.91,1.3178
2016-07-01,N4,신재생에너지,95.59,0.7088
2016-08-01,N4,신재생에너지,95.06,-0.55
2016-09-01,N4,신재생에너지,95.33,0.2792
2016-10-01,N4,신재생에너지,94.59,-0.7791
2016-11-01,N4,신재생에너지,94.74,0.1593
2016-12-01,N4,신재생에너지,94.97,0.2423
2017-01-01,N4,신재생에너지,96.3,1.3893
2017-02-01,N4,신재생에너지,96.87,0.5874
2017-03-01,N4,신재생에너지,96.44,-0.4459
2017-04-01,N4,신재생에너지,96.47,0.0372
2017-05-01,N4,신재생에너지,97.8,1.3679
2017-06-01,N4,신재생에너지,99.95,2.172
2017-07-01,N4,신재생에너지,101.5,1.5402
2017-08-01,N4,신재생에너지,101.41,-0.085
2017-09-01,N4,신재생에너지,101.43,0.0212
2017-10-01,N4,신재생에너지,100.56,-0.8675
2017-11-01,N4,신재생에너지,100.49,-0.0643
2017-12-01,N4,신재생에너지,100.72,0.2285
2018-01-01,N4,신재생에너지,102.02,1.2754
2018-02-01,N4,신재생에너지,102.32,0.2953
2018-03-01,N4,신재생에너지,101.44,-0.86
2018-04-01,N4,신재생에너지,101.81,0.3605
2018-05-01,N4,신재생에너지,102.89,1.0527
2018-06-01,N4,신재생에너지,104.34,1.4071
2018-07-01,N4,신재생에너지,104.85,0.4807
2018-08-01,N4,신재생에너지,103.47,-1.324
2018-09-01,N4,신재생에너지,103.07,-0.3825
2018-10-01,N4,신재생에너지,102.3,-0.7483
2018-11-01,N4,신재생에너지,102.16,-0.1405
2018-12-01,N4,신재생에너지,102.05,-0.1126
2019-01-01,N4,신재생에너지,102.56,0.4984
2019-02-01,N4,신재생에너지,102.26,-0.2875
2019-03-01,N4,신재생에너지,101.0,-1.2367
2019-04-01,N4,신재생에너지,101.26,0.2557
2019-05-01,N4,신재생에너지,101.67,0.3964
2019-06-01,N4,신재생에너지,102.89,1.1938
2019-07-01,N4,신재생에너지,102.66,-0.2245
2019-08-01,N4,신재생에너지,101.27,-1.3553
2019-09-01,N4,신재생에너지,100.86,-0.4086
2019-10-01,N4,신재생에너지,99.74,-1.1206
2019-11-01,N4,신재생에너지,98.95,-0.7908
2019-12-01,N4,신재생에너지,98.69,-0.2636
2020-01-01,N4,신재생에너지,99.08,0.3935
2020-02-01,N4,신재생에너지,99.26,0.1796
2020-03-01,N4,신재생에너지,98.4,-0.8697
2020-04-01,N4,신재생에너지,98.56,0.1682
2020-05-01,N4,신재생에너지,99.26,0.7087
2020-06-01,N4,신재생에너지,100.9,1.6371
2020-07-01,N4,신재생에너지,101.81,0.8981
2020-08-01,N4,신재생에너지,101.08,-0.7245
2020-09-01,N4,신재생에너지,100.87,-0.2047
2020-10-01,N4,신재생에너지,100.08,-0.7925
2020-11-01,N4,신재생에너지,100.09,0.0153
2020-12-01,N4,신재생에너지,100.6,0.5112
2021-01-01,N4,신재생에너지,102.06,1.4356
2021-02-01,N4,신재생에너지,102.76,0.6878
2021-03-01,N4,신재생에너지,102.05,-0.6953
2021-04-01,N4,신재생에너지,102.52,0.4566
2021-05-01,N4,신재생에너지,103.51,0.9588
2021-06-01,N4,신재생에너지,105.44,1.8541
2021-07-01,N4,신재생에너지,106.42,0.9251
2021-08-01,N4,신재생에너지,105.7,-0.6786
2021-09-01,N4,신재생에너지,106.2,0.4697
2021-10-01,N4,신재생에너지,105.53,-0.6364
2021-11-01,N4,신재생에너지,105.56,0.0363
2021-12-01,N4,신재생에너지,105.74,0.1667
2022-01-01,N4,신재생에너지,106.87,1.0659
2022-02-01,N4,신재생에너지,106.64,-0.2151
2022-03-01,N4,신재생에너지,105.79,-0.8001
2022-04-01,N4,신재생에너지,105.97,0.1663
2022-05-01,N4,신재생에너지,106.33,0.339
2022-06-01,N4,신재생에너지,108.51,2.0243
2022-07-01,N4,신재생에너지,109.33,0.7592
2022-08-01,N4,신재생에너지,107.94,-1.2827
2022-09-01,N4,신재생에너지,106.98,-0.8906
2022-10-01,N4,신재생에너지,105.38,-1.507
2022-11-01,N4,신재생에너지,104.91,-0.4515
2022-12-01,N4,신재생에너지,104.63,-0.2631
2023-01-01,N4,신재생에너지,105.04,0.3871
2023-02-01,N4,신재생에너지,104.61,-0.409
2023-03-01,N4,신재생에너지,103.65,-0.9191
2023-04-01,N4,신재생에너지,103.51,-0.133
2023-05-01,N4,신재생에너지,104.38,0.8323
2023-06-01,N4,신재생에너지,106.44,1.9539
2023-07-01,N4,신재생에너지,106.25,-0.1728
2023-08-01,N4,신재생에너지,104.4,-1.7591
2023-09-01,N4,신재생에너지,104.12,-0.2717
2023-10-01,N4,신재생에너지,103.11,-0.968
2023-11-01,N4,신재생에너지,103.11,0.0
2023-12-01,N4,신재생에너지,103.34,0.2225
2024-01-01,N4,신재생에너지,104.54,1.1491
2024-02-01,N4,신재생에너지,105.53,0.9476
2024-03-01,N4,신재생에너지,105.25,-0.2688
2024-04-01,N4,신재생에너지,105.35,0.0945
2024-05-01,N4,신재생에너지,105.95,0.5653
2024-06-01,N4,신재생에너지,107.16,1.1353
2024-07-01,N4,신재생에너지,106.9,-0.2361
2024-08-01,N4,신재생에너지,106.01,-0.8415
2024-09-01,N4,신재생에너지,105.98,-0.0289
2024-10-01,N4,신재생에너지,104.78,-1.1334
2024-11-01,N4,신재생에너지,104.81,0.0219
2024-12-01,N4,신재생에너지,104.98,0.1606
2025-01-01,N4,신재생에너지,106.28,1.2323
2025-02-01,N4,신재생에너지,106.63,0.3308
2025-03-01,N4,신재생에너지,105.59,-0.9813
2025-04-01,N4,신재생에너지,105.04,-0.5162
2025-05-01,N4,신재생에너지,105.5,0.4364
2025-06-01,N4,신재생에너지,107.18,1.5768
2025-07-01,N4,신재생에너지,106.05,-1.0592
2025-08-01,N4,신재생에너지,104.45,-1.526
2025-09-01,N4,신재생에너지,103.12,-1.272
2025-10-01,N4,신재생에너지,102.32,-0.7848
2025-11-01,N4,신재생에너지,103.08,0.739
2025-12-01,N4,신재생에너지,104.27,1.1469
2000-01-01,N5,인공지능·SW,51.62,
2000-02-01,N5,인공지능·SW,51.62,0.0
2000-03-01,N5,인공지능·SW,51.62,0.0
2000-04-01,N5,인공지능·SW,51.62,0.0
2000-05-01,N5,인공지능·SW,51.62,0.0
2000-06-01,N5,인공지능·SW,51.62,0.0
2000-07-01,N5,인공지능·SW,51.62,0.0
2000-08-01,N5,인공지능·SW,51.62,0.0
2000-09-01,N5,인공지능·SW,51.62,0.0
2000-10-01,N5,인공지능·SW,51.62,0.0
2000-11-01,N5,인공지능·SW,51.62,0.0
2000-12-01,N5,인공지능·SW,51.62,0.0
2001-01-01,N5,인공지능·SW,51.62,0.0
2001-02-01,N5,인공지능·SW,51.62,0.0
2001-03-01,N5,인공지능·SW,51.62,0.0
2001-04-01,N5,인공지능·SW,51.62,0.0
2001-05-01,N5,인공지능·SW,51.62,0.0
2001-06-01,N5,인공지능·SW,51.62,0.0
2001-07-01,N5,인공지능·SW,51.62,0.0
2001-08-01,N5,인공지능·SW,51.62,0.0
2001-09-01,N5,인공지능·SW,51.62,0.0
2001-10-01,N5,인공지능·SW,51.62,0.0
2001-11-01,N5,인공지능·SW,51.62,0.0
2001-12-01,N5,인공지능·SW,51.62,0.0
2002-01-01,N5,인공지능·SW,51.62,0.0
2002-02-01,N5,인공지능·SW,51.62,0.0
2002-03-01,N5,인공지능·SW,51.62,0.0
2002-04-01,N5,인공지능·SW,51.62,0.0
2002-05-01,N5,인공지능·SW,51.62,0.0
2002-06-01,N5,인공지능·SW,51.62,0.0
2002-07-01,N5,인공지능·SW,51.62,0.0
2002-08-01,N5,인공지능·SW,51.62,0.0
2002-09-01,N5,인공지능·SW,51.62,0.0
2002-10-01,N5,인공지능·SW,51.62,0.0
2002-11-01,N5,인공지능·SW,51.62,0.0
2002-12-01,N5,인공지능·SW,51.62,0.0
2003-01-01,N5,인공지능·SW,51.62,0.0
2003-02-01,N5,인공지능·SW,51.62,0.0
2003-03-01,N5,인공지능·SW,51.62,0.0
2003-04-01,N5,인공지능·SW,51.62,0.0
2003-05-01,N5,인공지능·SW,51.62,0.0
2003-06-01,N5,인공지능·SW,51.62,0.0
2003-07-01,N5,인공지능·SW,51.62,0.0
2003-08-01,N5,인공지능·SW,51.62,0.0
2003-09-01,N5,인공지능·SW,51.62,0.0
2003-10-01,N5,인공지능·SW,51.62,0.0
2003-11-01,N5,인공지능·SW,51.62,0.0
2003-12-01,N5,인공지능·SW,51.62,0.0
2004-01-01,N5,인공지능·SW,51.62,0.0
2004-02-01,N5,인공지능·SW,51.62,0.0
2004-03-01,N5,인공지능·SW,51.62,0.0
2004-04-01,N5,인공지능·SW,51.62,0.0
2004-05-01,N5,인공지능·SW,51.62,0.0
2004-06-01,N5,인공지능·SW,51.62,0.0
2004-07-01,N5,인공지능·SW,51.62,0.0
2004-08-01,N5,인공지능·SW,51.86,0.4696
2004-09-01,N5,인공지능·SW,53.13,2.401
2004-10-01,N5,인공지능·SW,53.87,1.3909
2004-11-01,N5,인공지능·SW,54.64,1.4135
2004-12-01,N5,인공지능·SW,56.22,2.8495
2005-01-01,N5,인공지능·SW,56.5,0.5119
2005-02-01,N5,인공지능·SW,57.12,1.0825
2005-03-01,N5,인공지능·SW,58.33,2.0915
2005-04-01,N5,인공지능·SW,58.69,0.6229
2005-05-01,N5,인공지능·SW,59.56,1.464
2005-06-01,N5,인공지능·SW,63.67,6.6815
2005-07-01,N5,인공지능·SW,63.98,0.4759
2005-08-01,N5,인공지능·SW,64.39,0.6388
2005-09-01,N5,인공지능·SW,65.52,1.7418
2005-10-01,N5,인공지능·SW,65.07,-0.6861
2005-11-01,N5,인공지능·SW,65.2,0.1982
2005-12-01,N5,인공지능·SW,66.18,1.5026
2006-01-01,N5,인공지능·SW,65.27,-1.3862
2006-02-01,N5,인공지능·SW,65.78,0.7763
2006-03-01,N5,인공지능·SW,66.88,1.6484
2006-04-01,N5,인공지능·SW,66.66,-0.3184
2006-05-01,N5,인공지능·SW,67.69,1.5259
2006-06-01,N5,인공지능·SW,71.13,4.9671
2006-07-01,N5,인공지능·SW,67.51,-5.2254
2006-08-01,N5,인공지능·SW,67.63,0.1798
2006-09-01,N5,인공지능·SW,69.25,2.363
2006-10-01,N5,인공지능·SW,68.99,-0.3735
2006-11-01,N5,인공지능·SW,69.18,0.2747
2006-12-01,N5,인공지능·SW,70.19,1.4491
2007-01-01,N5,인공지능·SW,69.22,-1.3942
2007-02-01,N5,인공지능·SW,69.74,0.7431
2007-03-01,N5,인공지능·SW,70.82,1.5342
2007-04-01,N5,인공지능·SW,70.42,-0.5591
2007-05-01,N5,인공지능·SW,70.95,0.7412
2007-06-01,N5,인공지능·SW,74.82,5.3245
2007-07-01,N5,인공지능·SW,70.41,-6.0872
2007-08-01,N5,인공지능·SW,70.28,-0.1835
2007-09-01,N5,인공지능·SW,71.86,2.2223
2007-10-01,N5,인공지능·SW,70.71,-1.6084
2007-11-01,N5,인공지능·SW,70.9,0.2681
2007-12-01,N5,인공지능·SW,72.9,2.7879
2008-01-01,N5,인공지능·SW,72.05,-1.1838
2008-02-01,N5,인공지능·SW,72.37,0.4521
2008-03-01,N5,인공지능·SW,73.41,1.427
2008-04-01,N5,인공지능·SW,73.57,0.217
2008-05-01,N5,인공지능·SW,74.45,1.19
2008-06-01,N5,인공지능·SW,79.11,6.0637
2008-07-01,N5,인공지능·SW,74.27,-6.3087
2008-08-01,N5,인공지능·SW,74.92,0.8652
2008-09-01,N5,인공지능·SW,76.58,2.1952
2008-10-01,N5,인공지능·SW,75.91,-0.8763
2008-11-01,N5,인공지능·SW,76.51,0.7871
2008-12-01,N5,인공지능·SW,77.81,1.6827
2009-01-01,N5,인공지능·SW,76.05,-2.2899
2009-02-01,N5,인공지능·SW,76.19,0.1895
2009-03-01,N5,인공지능·SW,77.46,1.6505
2009-04-01,N5,인공지능·SW,77.32,-0.1766
2009-05-01,N5,인공지능·SW,77.32,-0.0098
2009-06-01,N5,인공지능·SW,81.38,5.1205
2009-07-01,N5,인공지능·SW,75.36,-7.6868
2009-08-01,N5,인공지능·SW,75.95,0.7828
2009-09-01,N5,인공지능·SW,77.53,2.0581
2009-10-01,N5,인공지능·SW,76.87,-0.8557
2009-11-01,N5,인공지능·SW,77.1,0.3057
2009-12-01,N5,인공지능·SW,78.47,1.757
2010-01-01,N5,인공지능·SW,77.52,-1.2169
2010-02-01,N5,인공지능·SW,77.93,0.5275
2010-03-01,N5,인공지능·SW,79.24,1.6619
2010-04-01,N5,인공지능·SW,79.33,0.1245
2010-05-01,N5,인공지능·SW,80.04,0.8861
2010-06-01,N5,인공지능·SW,85.89,7.0585
2010-07-01,N5,인공지능·SW,80.52,-6.4627
2010-08-01,N5,인공지능·SW,81.28,0.9385
2010-09-01,N5,인공지능·SW,84.03,3.3347
2010-10-01,N5,인공지능·SW,83.66,-0.4437
2010-11-01,N5,인공지능·SW,85.08,1.6828
2010-12-01,N5,인공지능·SW,87.99,3.3607
2011-01-01,N5,인공지능·SW,87.03,-1.0932
2011-02-01,N5,인공지능·SW,87.88,0.9723
2011-03-01,N5,인공지능·SW,90.25,2.6514
2011-04-01,N5,인공지능·SW,90.96,0.7877
2011-05-01,N5,인공지능·SW,91.91,1.038
2011-06-01,N5,인공지능·SW,97.53,5.9414
2011-07-01,N5,인공지능·SW,91.15,-6.7709
2011-08-01,N5,인공지능·SW,92.74,1.7341
2011-09-01,N5,인공지능·SW,96.04,3.4913
2011-10-01,N5,인공지능·SW,94.7,-1.4012
2011-11-01,N5,인공지능·SW,96.21,1.575
2011-12-01,N5,인공지능·SW,97.93,1.7756
2012-01-01,N5,인공지능·SW,95.58,-2.4328
2012-02-01,N5,인공지능·SW,96.36,0.8149
2012-03-01,N5,인공지능·SW,97.86,1.5481
2012-04-01,N5,인공지능·SW,96.73,-1.1628
2012-05-01,N5,인공지능·SW,97.02,0.2978
2012-06-01,N5,인공지능·SW,102.32,5.3185
2012-07-01,N5,인공지능·SW,95.32,-7.0791
2012-08-01,N5,인공지능·SW,95.68,0.3737
2012-09-01,N5,인공지능·SW,97.0,1.3635
2012-10-01,N5,인공지능·SW,95.26,-1.8009
2012-11-01,N5,인공지능·SW,95.8,0.5643
2012-12-01,N5,인공지능·SW,96.94,1.1818
2013-01-01,N5,인공지능·SW,95.07,-1.9535
2013-02-01,N5,인공지능·SW,95.45,0.4065
2013-03-01,N5,인공지능·SW,96.33,0.9185
2013-04-01,N5,인공지능·SW,95.36,-1.014
2013-05-01,N5,인공지능·SW,96.81,1.5014
2013-06-01,N5,인공지능·SW,103.12,6.3214
2013-07-01,N5,인공지능·SW,95.36,-7.8228
2013-08-01,N5,인공지능·SW,96.02,0.6903
2013-09-01,N5,인공지능·SW,97.04,1.054
2013-10-01,N5,인공지능·SW,95.45,-1.6567
2013-11-01,N5,인공지능·SW,95.79,0.3573
2013-12-01,N5,인공지능·SW,98.52,2.8136
2014-01-01,N5,인공지능·SW,96.74,-1.8198
2014-02-01,N5,인공지능·SW,96.1,-0.6693
2014-03-01,N5,인공지능·SW,97.02,0.9515
2014-04-01,N5,인공지능·SW,96.8,-0.2272
2014-05-01,N5,인공지능·SW,97.6,0.828
2014-06-01,N5,인공지능·SW,104.63,6.9485
2014-07-01,N5,인공지능·SW,95.88,-8.7302
2014-08-01,N5,인공지능·SW,96.11,0.2373
2014-09-01,N5,인공지능·SW,97.03,0.9592
2014-10-01,N5,인공지능·SW,95.91,-1.1648
2014-11-01,N5,인공지능·SW,95.73,-0.1822
2014-12-01,N5,인공지능·SW,97.05,1.3627
2015-01-01,N5,인공지능·SW,93.75,-3.4625
2015-02-01,N5,인공지능·SW,93.67,-0.081
2015-03-01,N5,인공지능·SW,95.89,2.3472
2015-04-01,N5,인공지능·SW,95.48,-0.4364
2015-05-01,N5,인공지능·SW,95.87,0.4127
2015-06-01,N5,인공지능·SW,102.95,7.1213
2015-07-01,N5,인공지능·SW,92.83,-10.3404
2015-08-01,N5,인공지능·SW,93.66,0.8875
2015-09-01,N5,인공지능·SW,95.92,2.387
2015-10-01,N5,인공지능·SW,95.48,-0.4601
2015-11-01,N5,인공지능·SW,96.19,0.7368
2015-12-01,N5,인공지능·SW,99.49,3.3759
2016-01-01,N5,인공지능·SW,97.69,-1.8329
2016-02-01,N5,인공지능·SW,98.1,0.4188
2016-03-01,N5,인공지능·SW,100.17,2.091
2016-04-01,N5,인공지능·SW,99.4,-0.7685
2016-05-01,N5,인공지능·SW,99.71,0.3127
2016-06-01,N5,인공지능·SW,108.41,8.3662
2016-07-01,N5,인공지능·SW,98.82,-9.2687
2016-08-01,N5,인공지능·SW,99.37,0.5593
2016-09-01,N5,인공지능·SW,101.0,1.6219
2016-10-01,N5,인공지능·SW,100.53,-0.4596
2016-11-01,N5,인공지능·SW,100.58,0.0453
2016-12-01,N5,인공지능·SW,102.83,2.2173
2017-01-01,N5,인공지능·SW,100.93,-1.8706
2017-02-01,N5,인공지능·SW,102.15,1.2039
2017-03-01,N5,인공지능·SW,103.76,1.5635
2017-04-01,N5,인공지능·SW,103.05,-0.6828
2017-05-01,N5,인공지능·SW,104.14,1.0481
2017-06-01,N5,인공지능·SW,112.8,7.9841
2017-07-01,N5,인공지능·SW,101.93,-10.1285
2017-08-01,N5,인공지능·SW,102.66,0.7125
2017-09-01,N5,인공지능·SW,104.77,2.0352
2017-10-01,N5,인공지능·SW,104.46,-0.2976
2017-11-01,N5,인공지능·SW,103.87,-0.5686
2017-12-01,N5,인공지능·SW,105.26,1.3289
2018-01-01,N5,인공지능·SW,103.59,-1.5924
2018-02-01,N5,인공지능·SW,103.42,-0.1687
2018-03-01,N5,인공지능·SW,103.29,-0.1249
2018-04-01,N5,인공지능·SW,101.84,-1.4139
2018-05-01,N5,인공지능·SW,101.38,-0.4483
2018-06-01,N5,인공지능·SW,108.38,6.6699
2018-07-01,N5,인공지능·SW,98.2,-9.858
2018-08-01,N5,인공지능·SW,98.98,0.7855
2018-09-01,N5,인공지능·SW,99.99,1.0227
2018-10-01,N5,인공지능·SW,99.29,-0.7087
2018-11-01,N5,인공지능·SW,99.16,-0.1301
2018-12-01,N5,인공지능·SW,100.64,1.4821
2019-01-01,N5,인공지능·SW,99.77,-0.8638
2019-02-01,N5,인공지능·SW,100.22,0.448
2019-03-01,N5,인공지능·SW,100.88,0.6569
2019-04-01,N5,인공지능·SW,101.29,0.4056
2019-05-01,N5,인공지능·SW,102.06,0.7542
2019-06-01,N5,인공지능·SW,110.58,8.0169
2019-07-01,N5,인공지능·SW,101.11,-8.9511
2019-08-01,N5,인공지능·SW,101.53,0.4122
2019-09-01,N5,인공지능·SW,102.47,0.923
2019-10-01,N5,인공지능·SW,102.11,-0.3489
2019-11-01,N5,인공지능·SW,101.7,-0.4023
2019-12-01,N5,인공지능·SW,102.44,0.7215
2020-01-01,N5,인공지능·SW,101.0,-1.4107
2020-02-01,N5,인공지능·SW,100.57,-0.4294
2020-03-01,N5,인공지능·SW,100.77,0.1961
2020-04-01,N5,인공지능·SW,99.9,-0.8703
2020-05-01,N5,인공지능·SW,99.63,-0.2664
2020-06-01,N5,인공지능·SW,107.03,7.1672
2020-07-01,N5,인공지능·SW,97.22,-9.6204
2020-08-01,N5,인공지능·SW,97.52,0.3119
2020-09-01,N5,인공지능·SW,99.08,1.5911
2020-10-01,N5,인공지능·SW,98.59,-0.4993
2020-11-01,N5,인공지능·SW,98.58,-0.0077
2020-12-01,N5,인공지능·SW,100.11,1.5362
2021-01-01,N5,인공지능·SW,99.61,-0.5018
2021-02-01,N5,인공지능·SW,100.34,0.7291
2021-03-01,N5,인공지능·SW,101.44,1.0913
2021-04-01,N5,인공지능·SW,101.46,0.0225
2021-05-01,N5,인공지능·SW,102.82,1.3306
2021-06-01,N5,인공지능·SW,111.66,8.246
2021-07-01,N5,인공지능·SW,103.28,-7.7965
2021-08-01,N5,인공지능·SW,103.85,0.5498
2021-09-01,N5,인공지능·SW,105.86,1.9117
2021-10-01,N5,인공지능·SW,105.46,-0.3737
2021-11-01,N5,인공지능·SW,106.33,0.8245
2021-12-01,N5,인공지능·SW,108.65,2.1544
2022-01-01,N5,인공지능·SW,108.25,-0.3711
2022-02-01,N5,인공지능·SW,108.63,0.3501
2022-03-01,N5,인공지능·SW,110.46,1.6773
2022-04-01,N5,인공지능·SW,111.33,0.7805
2022-05-01,N5,인공지능·SW,112.61,1.1392
2022-06-01,N5,인공지능·SW,122.1,8.0981
2022-07-01,N5,인공지능·SW,112.96,-7.7817
2022-08-01,N5,인공지능·SW,113.52,0.4895
2022-09-01,N5,인공지능·SW,115.96,2.1308
2022-10-01,N5,인공지능·SW,116.05,0.0785
2022-11-01,N5,인공지능·SW,117.12,0.9118
2022-12-01,N5,인공지능·SW,120.11,2.5222
2023-01-01,N5,인공지능·SW,119.75,-0.2976
2023-02-01,N5,인공지능·SW,120.81,0.8837
2023-03-01,N5,인공지능·SW,123.01,1.7999
2023-04-01,N5,인공지능·SW,123.72,0.5785
2023-05-01,N5,인공지능·SW,124.97,1.0014
2023-06-01,N5,인공지능·SW,135.93,8.4096
2023-07-01,N5,인공지능·SW,126.05,-7.5445
2023-08-01,N5,인공지능·SW,126.91,0.6783
2023-09-01,N5,인공지능·SW,128.17,0.9882
2023-10-01,N5,인공지능·SW,127.9,-0.2135
2023-11-01,N5,인공지능·SW,127.73,-0.1307
2023-12-01,N5,인공지능·SW,129.23,1.1642
2024-01-01,N5,인공지능·SW,127.43,-1.4023
2024-02-01,N5,인공지능·SW,127.88,0.3569
2024-03-01,N5,인공지능·SW,127.9,0.0178
2024-04-01,N5,인공지능·SW,127.45,-0.3568
2024-05-01,N5,인공지능·SW,127.08,-0.2923
2024-06-01,N5,인공지능·SW,134.09,5.3737
2024-07-01,N5,인공지능·SW,123.43,-8.2897
2024-08-01,N5,인공지능·SW,124.55,0.9063
2024-09-01,N5,인공지능·SW,125.84,1.031
2024-10-01,N5,인공지능·SW,126.53,0.5476
2024-11-01,N5,인공지능·SW,125.96,-0.4511
2024-12-01,N5,인공지능·SW,127.85,1.4898
2025-01-01,N5,인공지능·SW,127.27,-0.4583
2025-02-01,N5,인공지능·SW,127.26,-0.006
2025-03-01,N5,인공지능·SW,128.65,1.0859
2025-04-01,N5,인공지능·SW,129.2,0.424
2025-05-01,N5,인공지능·SW,129.8,0.469
2025-06-01,N5,인공지능·SW,139.0,6.8494
2025-07-01,N5,인공지능·SW,132.27,-4.9657
2025-08-01,N5,인공지능·SW,133.36,0.8181
2025-09-01,N5,인공지능·SW,134.86,1.1194
2025-10-01,N5,인공지능·SW,136.3,1.0621
2025-11-01,N5,인공지능·SW,138.3,1.4548
2025-12-01,N5,인공지능·SW,142.65,3.1032
2000-01-01,N6,디지털플랫폼,56.69,
2000-02-01,N6,디지털플랫폼,56.69,0.0
2000-03-01,N6,디지털플랫폼,56.69,0.0
2000-04-01,N6,디지털플랫폼,56.69,0.0
2000-05-01,N6,디지털플랫폼,56.69,0.0
2000-06-01,N6,디지털플랫폼,56.69,0.0
2000-07-01,N6,디지털플랫폼,56.69,0.0
2000-08-01,N6,디지털플랫폼,56.69,0.0
2000-09-01,N6,디지털플랫폼,56.69,0.0
2000-10-01,N6,디지털플랫폼,56.69,0.0
2000-11-01,N6,디지털플랫폼,56.69,0.0
2000-12-01,N6,디지털플랫폼,56.69,0.0
2001-01-01,N6,디지털플랫폼,56.69,0.0
2001-02-01,N6,디지털플랫폼,56.69,0.0
2001-03-01,N6,디지털플랫폼,56.69,0.0
2001-04-01,N6,디지털플랫폼,56.69,0.0
2001-05-01,N6,디지털플랫폼,56.69,0.0
2001-06-01,N6,디지털플랫폼,56.69,0.0
2001-07-01,N6,디지털플랫폼,56.69,0.0
2001-08-01,N6,디지털플랫폼,56.69,0.0
2001-09-01,N6,디지털플랫폼,56.69,0.0
2001-10-01,N6,디지털플랫폼,56.69,0.0
2001-11-01,N6,디지털플랫폼,56.69,0.0
2001-12-01,N6,디지털플랫폼,56.69,0.0
2002-01-01,N6,디지털플랫폼,56.69,0.0
2002-02-01,N6,디지털플랫폼,56.69,0.0
2002-03-01,N6,디지털플랫폼,56.69,0.0
2002-04-01,N6,디지털플랫폼,56.69,0.0
2002-05-01,N6,디지털플랫폼,56.69,0.0
2002-06-01,N6,디지털플랫폼,56.69,0.0
2002-07-01,N6,디지털플랫폼,56.69,0.0
2002-08-01,N6,디지털플랫폼,56.69,0.0
2002-09-01,N6,디지털플랫폼,56.69,0.0
2002-10-01,N6,디지털플랫폼,56.69,0.0
2002-11-01,N6,디지털플랫폼,56.69,0.0
2002-12-01,N6,디지털플랫폼,56.69,0.0
2003-01-01,N6,디지털플랫폼,56.69,0.0
2003-02-01,N6,디지털플랫폼,56.69,0.0
2003-03-01,N6,디지털플랫폼,56.69,0.0
2003-04-01,N6,디지털플랫폼,56.69,0.0
2003-05-01,N6,디지털플랫폼,56.69,0.0
2003-06-01,N6,디지털플랫폼,56.69,0.0
2003-07-01,N6,디지털플랫폼,56.69,0.0
2003-08-01,N6,디지털플랫폼,56.69,0.0
2003-09-01,N6,디지털플랫폼,56.69,0.0
2003-10-01,N6,디지털플랫폼,56.69,0.0
2003-11-01,N6,디지털플랫폼,56.69,0.0
2003-12-01,N6,디지털플랫폼,56.69,0.0
2004-01-01,N6,디지털플랫폼,56.69,0.0
2004-02-01,N6,디지털플랫폼,56.69,0.0
2004-03-01,N6,디지털플랫폼,56.69,0.0
2004-04-01,N6,디지털플랫폼,56.69,0.0
2004-05-01,N6,디지털플랫폼,56.69,0.0
2004-06-01,N6,디지털플랫폼,56.69,0.0
2004-07-01,N6,디지털플랫폼,56.69,0.0
2004-08-01,N6,디지털플랫폼,56.69,0.0
2004-09-01,N6,디지털플랫폼,56.69,0.0
2004-10-01,N6,디지털플랫폼,56.69,0.0
2004-11-01,N6,디지털플랫폼,56.69,0.0
2004-12-01,N6,디지털플랫폼,56.69,0.0
2005-01-01,N6,디지털플랫폼,56.69,0.0
2005-02-01,N6,디지털플랫폼,56.69,0.0
2005-03-01,N6,디지털플랫폼,56.69,0.0
2005-04-01,N6,디지털플랫폼,56.69,0.0
2005-05-01,N6,디지털플랫폼,56.69,0.0
2005-06-01,N6,디지털플랫폼,56.69,0.0
2005-07-01,N6,디지털플랫폼,56.69,0.0
2005-08-01,N6,디지털플랫폼,56.69,0.0
2005-09-01,N6,디지털플랫폼,56.69,0.0
2005-10-01,N6,디지털플랫폼,56.69,0.0
2005-11-01,N6,디지털플랫폼,56.69,0.0
2005-12-01,N6,디지털플랫폼,56.69,0.0
2006-01-01,N6,디지털플랫폼,56.69,0.0
2006-02-01,N6,디지털플랫폼,56.69,0.0
2006-03-01,N6,디지털플랫폼,56.69,0.0
2006-04-01,N6,디지털플랫폼,56.69,0.0
2006-05-01,N6,디지털플랫폼,56.69,0.0
2006-06-01,N6,디지털플랫폼,56.69,0.0
2006-07-01,N6,디지털플랫폼,56.69,0.0
2006-08-01,N6,디지털플랫폼,56.69,0.0
2006-09-01,N6,디지털플랫폼,56.69,0.0
2006-10-01,N6,디지털플랫폼,56.69,0.0
2006-11-01,N6,디지털플랫폼,56.69,0.0
2006-12-01,N6,디지털플랫폼,56.69,0.0
2007-01-01,N6,디지털플랫폼,56.69,0.0
2007-02-01,N6,디지털플랫폼,56.69,0.0
2007-03-01,N6,디지털플랫폼,56.69,0.0
2007-04-01,N6,디지털플랫폼,56.69,0.0
2007-05-01,N6,디지털플랫폼,56.69,0.0
2007-06-01,N6,디지털플랫폼,56.69,0.0
2007-07-01,N6,디지털플랫폼,56.69,0.0
2007-08-01,N6,디지털플랫폼,56.69,0.0
2007-09-01,N6,디지털플랫폼,56.69,0.0
2007-10-01,N6,디지털플랫폼,56.69,0.0
2007-11-01,N6,디지털플랫폼,56.69,0.0
2007-12-01,N6,디지털플랫폼,56.69,0.0
2008-01-01,N6,디지털플랫폼,56.69,0.0
2008-02-01,N6,디지털플랫폼,56.69,0.0
2008-03-01,N6,디지털플랫폼,56.69,0.0
2008-04-01,N6,디지털플랫폼,56.69,0.0
2008-05-01,N6,디지털플랫폼,56.69,0.0
2008-06-01,N6,디지털플랫폼,56.69,0.0
2008-07-01,N6,디지털플랫폼,56.69,0.0
2008-08-01,N6,디지털플랫폼,56.69,0.0
2008-09-01,N6,디지털플랫폼,56.69,0.0
2008-10-01,N6,디지털플랫폼,56.69,0.0
2008-11-01,N6,디지털플랫폼,56.69,0.0
2008-12-01,N6,디지털플랫폼,56.69,0.0
2009-01-01,N6,디지털플랫폼,56.69,0.0
2009-02-01,N6,디지털플랫폼,56.69,0.0
2009-03-01,N6,디지털플랫폼,56.69,0.0
2009-04-01,N6,디지털플랫폼,56.69,0.0
2009-05-01,N6,디지털플랫폼,56.69,0.0
2009-06-01,N6,디지털플랫폼,56.69,0.0
2009-07-01,N6,디지털플랫폼,56.69,0.0
2009-08-01,N6,디지털플랫폼,56.69,0.0
2009-09-01,N6,디지털플랫폼,56.69,0.0
2009-10-01,N6,디지털플랫폼,56.69,0.0
2009-11-01,N6,디지털플랫폼,56.69,0.0
2009-12-01,N6,디지털플랫폼,56.69,0.0
2010-01-01,N6,디지털플랫폼,56.69,0.0
2010-02-01,N6,디지털플랫폼,56.69,0.0
2010-03-01,N6,디지털플랫폼,56.69,0.0
2010-04-01,N6,디지털플랫폼,56.69,0.0
2010-05-01,N6,디지털플랫폼,56.69,0.0
2010-06-01,N6,디지털플랫폼,56.69,0.0
2010-07-01,N6,디지털플랫폼,56.69,0.0
2010-08-01,N6,디지털플랫폼,56.69,0.0
2010-09-01,N6,디지털플랫폼,56.69,0.0
2010-10-01,N6,디지털플랫폼,56.69,0.0
2010-11-01,N6,디지털플랫폼,56.69,0.0
2010-12-01,N6,디지털플랫폼,56.69,0.0
2011-01-01,N6,디지털플랫폼,56.69,0.0
2011-02-01,N6,디지털플랫폼,56.69,0.0
2011-03-01,N6,디지털플랫폼,56.69,0.0
2011-04-01,N6,디지털플랫폼,56.69,0.0
2011-05-01,N6,디지털플랫폼,56.69,0.0
2011-06-01,N6,디지털플랫폼,56.69,0.0
2011-07-01,N6,디지털플랫폼,56.69,0.0
2011-08-01,N6,디지털플랫폼,56.69,0.0
2011-09-01,N6,디지털플랫폼,56.69,0.0
2011-10-01,N6,디지털플랫폼,56.69,0.0
2011-11-01,N6,디지털플랫폼,56.69,0.0
2011-12-01,N6,디지털플랫폼,56.69,0.0
2012-01-01,N6,디지털플랫폼,56.69,0.0
2012-02-01,N6,디지털플랫폼,56.69,0.0
2012-03-01,N6,디지털플랫폼,56.69,0.0
2012-04-01,N6,디지털플랫폼,56.69,0.0
2012-05-01,N6,디지털플랫폼,56.69,0.0
2012-06-01,N6,디지털플랫폼,56.69,0.0
2012-07-01,N6,디지털플랫폼,56.69,0.0
2012-08-01,N6,디지털플랫폼,56.69,0.0
2012-09-01,N6,디지털플랫폼,56.69,0.0
2012-10-01,N6,디지털플랫폼,56.69,0.0
2012-11-01,N6,디지털플랫폼,56.69,0.0
2012-12-01,N6,디지털플랫폼,56.69,0.0
2013-01-01,N6,디지털플랫폼,56.69,0.0
2013-02-01,N6,디지털플랫폼,56.69,0.0
2013-03-01,N6,디지털플랫폼,56.69,0.0
2013-04-01,N6,디지털플랫폼,56.69,0.0
2013-05-01,N6,디지털플랫폼,56.69,0.0
2013-06-01,N6,디지털플랫폼,56.69,0.0
2013-07-01,N6,디지털플랫폼,56.69,0.0
2013-08-01,N6,디지털플랫폼,56.69,0.0
2013-09-01,N6,디지털플랫폼,56.69,0.0
2013-10-01,N6,디지털플랫폼,56.69,0.0
2013-11-01,N6,디지털플랫폼,56.69,0.0
2013-12-01,N6,디지털플랫폼,56.69,0.0
2014-01-01,N6,디지털플랫폼,56.69,0.0
2014-02-01,N6,디지털플랫폼,56.69,0.0
2014-03-01,N6,디지털플랫폼,56.69,0.0
2014-04-01,N6,디지털플랫폼,56.69,0.0
2014-05-01,N6,디지털플랫폼,56.69,0.0
2014-06-01,N6,디지털플랫폼,56.69,0.0
2014-07-01,N6,디지털플랫폼,56.69,0.0
2014-08-01,N6,디지털플랫폼,56.69,0.0
2014-09-01,N6,디지털플랫폼,56.69,0.0
2014-10-01,N6,디지털플랫폼,56.69,0.0
2014-11-01,N6,디지털플랫폼,56.69,0.0
2014-12-01,N6,디지털플랫폼,56.69,0.0
2015-01-01,N6,디지털플랫폼,56.69,0.0
2015-02-01,N6,디지털플랫폼,56.69,0.0
2015-03-01,N6,디지털플랫폼,56.69,0.0
2015-04-01,N6,디지털플랫폼,56.69,0.0
2015-05-01,N6,디지털플랫폼,56.69,0.0
2015-06-01,N6,디지털플랫폼,56.69,0.0
2015-07-01,N6,디지털플랫폼,56.69,0.0
2015-08-01,N6,디지털플랫폼,56.69,0.0
2015-09-01,N6,디지털플랫폼,56.69,0.0
2015-10-01,N6,디지털플랫폼,56.69,0.0
2015-11-01,N6,디지털플랫폼,56.69,0.0
2015-12-01,N6,디지털플랫폼,56.69,0.0
2016-01-01,N6,디지털플랫폼,56.69,0.0
2016-02-01,N6,디지털플랫폼,56.69,0.0
2016-03-01,N6,디지털플랫폼,56.69,0.0
2016-04-01,N6,디지털플랫폼,56.69,0.0
2016-05-01,N6,디지털플랫폼,56.69,0.0
2016-06-01,N6,디지털플랫폼,56.69,0.0
2016-07-01,N6,디지털플랫폼,56.69,0.0
2016-08-01,N6,디지털플랫폼,56.58,-0.1907
2016-09-01,N6,디지털플랫폼,56.83,0.4426
2016-10-01,N6,디지털플랫폼,56.87,0.0677
2016-11-01,N6,디지털플랫폼,57.05,0.3112
2016-12-01,N6,디지털플랫폼,57.17,0.216
2017-01-01,N6,디지털플랫폼,57.51,0.6005
2017-02-01,N6,디지털플랫폼,57.81,0.5107
2017-03-01,N6,디지털플랫폼,58.27,0.7952
2017-04-01,N6,디지털플랫폼,58.45,0.3023
2017-05-01,N6,디지털플랫폼,59.45,1.7083
2017-06-01,N6,디지털플랫폼,60.38,1.546
2017-07-01,N6,디지털플랫폼,61.36,1.6154
2017-08-01,N6,디지털플랫폼,61.83,0.7488
2017-09-01,N6,디지털플랫폼,63.09,2.0199
2017-10-01,N6,디지털플랫폼,63.78,1.091
2017-11-01,N6,디지털플랫폼,64.87,1.7022
2017-12-01,N6,디지털플랫폼,65.61,1.1239
2018-01-01,N6,디지털플랫폼,66.81,1.8166
2018-02-01,N6,디지털플랫폼,67.52,1.0544
2018-03-01,N6,디지털플랫폼,68.16,0.9433
2018-04-01,N6,디지털플랫폼,69.15,1.4461
2018-05-01,N6,디지털플랫폼,70.8,2.3519
2018-06-01,N6,디지털플랫폼,71.7,1.2691
2018-07-01,N6,디지털플랫폼,72.76,1.4719
2018-08-01,N6,디지털플랫폼,73.07,0.4243
2018-09-01,N6,디지털플랫폼,74.87,2.4294
2018-10-01,N6,디지털플랫폼,75.64,1.023
2018-11-01,N6,디지털플랫폼,76.97,1.7375
2018-12-01,N6,디지털플랫폼,77.73,0.9913
2019-01-01,N6,디지털플랫폼,79.08,1.7184
2019-02-01,N6,디지털플랫폼,80.06,1.2355
2019-03-01,N6,디지털플랫폼,81.28,1.5123
2019-04-01,N6,디지털플랫폼,82.96,2.0411
2019-05-01,N6,디지털플랫폼,84.73,2.1108
2019-06-01,N6,디지털플랫폼,86.03,1.52
2019-07-01,N6,디지털플랫폼,86.77,0.8663
2019-08-01,N6,디지털플랫폼,87.32,0.6218
2019-09-01,N6,디지털플랫폼,88.89,1.7883
2019-10-01,N6,디지털플랫폼,89.23,0.3761
2019-11-01,N6,디지털플랫폼,90.27,1.1669
2019-12-01,N6,디지털플랫폼,90.93,0.7246
2020-01-01,N6,디지털플랫폼,92.16,1.3409
2020-02-01,N6,디지털플랫폼,93.32,1.2491
2020-03-01,N6,디지털플랫폼,94.61,1.3802
2020-04-01,N6,디지털플랫폼,96.01,1.469
2020-05-01,N6,디지털플랫폼,97.73,1.7757
2020-06-01,N6,디지털플랫폼,99.39,1.6854
2020-07-01,N6,디지털플랫폼,100.6,1.2082
2020-08-01,N6,디지털플랫폼,101.49,0.8805
2020-09-01,N6,디지털플랫폼,103.68,2.1344
2020-10-01,N6,디지털플랫폼,105.04,1.3003
2020-11-01,N6,디지털플랫폼,107.21,2.0442
2020-12-01,N6,디지털플랫폼,108.75,1.431
2021-01-01,N6,디지털플랫폼,110.65,1.7288
2021-02-01,N6,디지털플랫폼,112.09,1.2964
2021-03-01,N6,디지털플랫폼,113.43,1.1846
2021-04-01,N6,디지털플랫폼,115.0,1.377
2021-05-01,N6,디지털플랫폼,116.8,1.5504
2021-06-01,N6,디지털플랫폼,118.4,1.3596
2021-07-01,N6,디지털플랫폼,118.77,0.3142
2021-08-01,N6,디지털플랫폼,119.03,0.219
2021-09-01,N6,디지털플랫폼,121.05,1.682
2021-10-01,N6,디지털플랫폼,121.39,0.2782
2021-11-01,N6,디지털플랫폼,122.62,1.0088
2021-12-01,N6,디지털플랫폼,122.92,0.2507
2022-01-01,N6,디지털플랫폼,123.6,0.5444
2022-02-01,N6,디지털플랫폼,124.34,0.5962
2022-03-01,N6,디지털플랫폼,124.91,0.4622
2022-04-01,N6,디지털플랫폼,125.66,0.5967
2022-05-01,N6,디지털플랫폼,126.24,0.4637
2022-06-01,N6,디지털플랫폼,126.82,0.4537
2022-07-01,N6,디지털플랫폼,126.58,-0.188
2022-08-01,N6,디지털플랫폼,126.45,-0.1008
2022-09-01,N6,디지털플랫폼,127.88,1.1234
2022-10-01,N6,디지털플랫폼,127.89,0.0121
2022-11-01,N6,디지털플랫폼,129.19,1.0065
2022-12-01,N6,디지털플랫폼,129.66,0.3675
2023-01-01,N6,디지털플랫폼,130.74,0.8249
2023-02-01,N6,디지털플랫폼,131.72,0.7495
2023-03-01,N6,디지털플랫폼,132.25,0.4021
2023-04-01,N6,디지털플랫폼,133.7,1.0862
2023-05-01,N6,디지털플랫폼,135.28,1.1749
2023-06-01,N6,디지털플랫폼,136.42,0.8394
2023-07-01,N6,디지털플랫폼,137.2,0.5731
2023-08-01,N6,디지털플랫폼,137.66,0.3305
2023-09-01,N6,디지털플랫폼,139.42,1.273
2023-10-01,N6,디지털플랫폼,139.93,0.3691
2023-11-01,N6,디지털플랫폼,141.46,1.0847
2023-12-01,N6,디지털플랫폼,141.85,0.2734
2024-01-01,N6,디지털플랫폼,142.61,0.538
2024-02-01,N6,디지털플랫폼,142.93,0.2201
2024-03-01,N6,디지털플랫폼,143.16,0.1628
2024-04-01,N6,디지털플랫폼,143.81,0.4517
2024-05-01,N6,디지털플랫폼,144.48,0.468
2024-06-01,N6,디지털플랫폼,144.74,0.1798
2024-07-01,N6,디지털플랫폼,144.62,-0.0873
2024-08-01,N6,디지털플랫폼,144.11,-0.3518
2024-09-01,N6,디지털플랫폼,144.88,0.5314
2024-10-01,N6,디지털플랫폼,144.57,-0.2103
2024-11-01,N6,디지털플랫폼,145.01,0.301
2024-12-01,N6,디지털플랫폼,144.63,-0.2584
2025-01-01,N6,디지털플랫폼,145.19,0.3868
2025-02-01,N6,디지털플랫폼,145.39,0.1376
2025-03-01,N6,디지털플랫폼,146.48,0.7443
2025-04-01,N6,디지털플랫폼,147.15,0.4587
2025-05-01,N6,디지털플랫폼,148.13,0.6597
2025-06-01,N6,디지털플랫폼,148.62,0.3343
2025-07-01,N6,디지털플랫폼,148.33,-0.1952
2025-08-01,N6,디지털플랫폼,148.66,0.2172
2025-09-01,N6,디지털플랫폼,149.64,0.6579
2025-10-01,N6,디지털플랫폼,149.98,0.2282
2025-11-01,N6,디지털플랫폼,150.93,0.6338
2025-12-01,N6,디지털플랫폼,151.46,0.3456
2000-01-01,N7,콘텐츠,56.91,
2000-02-01,N7,콘텐츠,58.81,3.2921
2000-03-01,N7,콘텐츠,59.16,0.5971
2000-04-01,N7,콘텐츠,59.75,0.9821
2000-05-01,N7,콘텐츠,60.05,0.5058
2000-06-01,N7,콘텐츠,60.62,0.9495
2000-07-01,N7,콘텐츠,61.9,2.079
2000-08-01,N7,콘텐츠,61.58,-0.5133
2000-09-01,N7,콘텐츠,61.42,-0.2634
2000-10-01,N7,콘텐츠,62.4,1.5926
2000-11-01,N7,콘텐츠,63.8,2.2099
2000-12-01,N7,콘텐츠,66.12,3.5674
2001-01-01,N7,콘텐츠,67.98,2.7733
2001-02-01,N7,콘텐츠,68.29,0.4548
2001-03-01,N7,콘텐츠,67.16,-1.6639
2001-04-01,N7,콘텐츠,68.74,2.3218
2001-05-01,N7,콘텐츠,69.41,0.9788
2001-06-01,N7,콘텐츠,70.6,1.7002
2001-07-01,N7,콘텐츠,71.76,1.6325
2001-08-01,N7,콘텐츠,71.29,-0.6597
2001-09-01,N7,콘텐츠,71.61,0.4435
2001-10-01,N7,콘텐츠,72.11,0.6958
2001-11-01,N7,콘텐츠,72.56,0.6231
2001-12-01,N7,콘텐츠,74.18,2.2078
2002-01-01,N7,콘텐츠,77.09,3.8461
2002-02-01,N7,콘텐츠,79.26,2.7838
2002-03-01,N7,콘텐츠,79.98,0.9022
2002-04-01,N7,콘텐츠,82.46,3.0523
2002-05-01,N7,콘텐츠,83.18,0.8674
2002-06-01,N7,콘텐츠,85.55,2.8051
2002-07-01,N7,콘텐츠,86.88,1.5521
2002-08-01,N7,콘텐츠,87.26,0.4287
2002-09-01,N7,콘텐츠,86.86,-0.453
2002-10-01,N7,콘텐츠,87.24,0.4369
2002-11-01,N7,콘텐츠,88.69,1.6413
2002-12-01,N7,콘텐츠,91.36,2.9729
2003-01-01,N7,콘텐츠,93.93,2.7672
2003-02-01,N7,콘텐츠,94.08,0.1573
2003-03-01,N7,콘텐츠,92.3,-1.9045
2003-04-01,N7,콘텐츠,92.27,-0.0382
2003-05-01,N7,콘텐츠,93.15,0.9496
2003-06-01,N7,콘텐츠,94.5,1.4487
2003-07-01,N7,콘텐츠,96.94,2.5458
2003-08-01,N7,콘텐츠,98.56,1.6571
2003-09-01,N7,콘텐츠,97.9,-0.6739
2003-10-01,N7,콘텐츠,99.24,1.3646
2003-11-01,N7,콘텐츠,100.91,1.6678
2003-12-01,N7,콘텐츠,102.67,1.7228
2004-01-01,N7,콘텐츠,104.67,1.9294
2004-02-01,N7,콘텐츠,104.65,-0.0202
2004-03-01,N7,콘텐츠,102.61,-1.9641
2004-04-01,N7,콘텐츠,100.82,-1.7657
2004-05-01,N7,콘텐츠,99.24,-1.5701
2004-06-01,N7,콘텐츠,98.27,-0.9841
2004-07-01,N7,콘텐츠,98.09,-0.1865
2004-08-01,N7,콘텐츠,95.59,-2.5819
2004-09-01,N7,콘텐츠,92.0,-3.8222
2004-10-01,N7,콘텐츠,90.95,-1.1548
2004-11-01,N7,콘텐츠,91.31,0.4019
2004-12-01,N7,콘텐츠,90.74,-0.6267
2005-01-01,N7,콘텐츠,91.51,0.8424
2005-02-01,N7,콘텐츠,91.47,-0.0462
2005-03-01,N7,콘텐츠,91.0,-0.5095
2005-04-01,N7,콘텐츠,91.07,0.0696
2005-05-01,N7,콘텐츠,91.61,0.5937
2005-06-01,N7,콘텐츠,96.24,4.9346
2005-07-01,N7,콘텐츠,101.57,5.3844
2005-08-01,N7,콘텐츠,101.63,0.0624
2005-09-01,N7,콘텐츠,99.76,-1.8605
2005-10-01,N7,콘텐츠,100.22,0.4649
2005-11-01,N7,콘텐츠,103.63,3.3445
2005-12-01,N7,콘텐츠,103.51,-0.1224
2006-01-01,N7,콘텐츠,106.42,2.778
2006-02-01,N7,콘텐츠,107.44,0.9484
2006-03-01,N7,콘텐츠,103.61,-3.6244
2006-04-01,N7,콘텐츠,102.99,-0.5999
2006-05-01,N7,콘텐츠,101.39,-1.5714
2006-06-01,N7,콘텐츠,105.04,3.5417
2006-07-01,N7,콘텐츠,104.4,-0.612
2006-08-01,N7,콘텐츠,100.72,-3.5848
2006-09-01,N7,콘텐츠,98.94,-1.7848
2006-10-01,N7,콘텐츠,98.44,-0.5067
2006-11-01,N7,콘텐츠,100.89,2.4522
2006-12-01,N7,콘텐츠,100.43,-0.4478
2007-01-01,N7,콘텐츠,105.24,4.6714
2007-02-01,N7,콘텐츠,109.55,4.0139
2007-03-01,N7,콘텐츠,107.79,-1.6203
2007-04-01,N7,콘텐츠,108.2,0.3848
2007-05-01,N7,콘텐츠,107.29,-0.8497
2007-06-01,N7,콘텐츠,113.2,5.3673
2007-07-01,N7,콘텐츠,112.18,-0.9062
2007-08-01,N7,콘텐츠,111.68,-0.4467
2007-09-01,N7,콘텐츠,110.17,-1.3651
2007-10-01,N7,콘텐츠,109.17,-0.9119
2007-11-01,N7,콘텐츠,112.61,3.1059
2007-12-01,N7,콘텐츠,113.94,1.1751
2008-01-01,N7,콘텐츠,118.38,3.82
2008-02-01,N7,콘텐츠,118.66,0.2377
2008-03-01,N7,콘텐츠,113.01,-4.8769
2008-04-01,N7,콘텐츠,111.38,-1.4563
2008-05-01,N7,콘텐츠,111.77,0.3472
2008-06-01,N7,콘텐츠,114.96,2.8206
2008-07-01,N7,콘텐츠,115.15,0.1653
2008-08-01,N7,콘텐츠,114.15,-0.8784
2008-09-01,N7,콘텐츠,110.76,-3.0126
2008-10-01,N7,콘텐츠,109.47,-1.1704
2008-11-01,N7,콘텐츠,114.96,4.89
2008-12-01,N7,콘텐츠,114.78,-0.1533
2009-01-01,N7,콘텐츠,116.02,1.0741
2009-02-01,N7,콘텐츠,117.77,1.5002
2009-03-01,N7,콘텐츠,112.12,-4.9209
2009-04-01,N7,콘텐츠,110.84,-1.1434
2009-05-01,N7,콘텐츠,111.88,0.9297
2009-06-01,N7,콘텐츠,117.0,4.4747
2009-07-01,N7,콘텐츠,117.14,0.1203
2009-08-01,N7,콘텐츠,115.36,-1.5328
2009-09-01,N7,콘텐츠,116.27,0.7905
2009-10-01,N7,콘텐츠,117.68,1.2041
2009-11-01,N7,콘텐츠,121.45,3.1515
2009-12-01,N7,콘텐츠,119.67,-1.478
2010-01-01,N7,콘텐츠,121.06,1.1527
2010-02-01,N7,콘텐츠,121.13,0.0582
2010-03-01,N7,콘텐츠,116.1,-4.234
2010-04-01,N7,콘텐츠,116.34,0.206
2010-05-01,N7,콘텐츠,116.86,0.4409
2010-06-01,N7,콘텐츠,119.68,2.3879
2010-07-01,N7,콘텐츠,116.94,-2.3217
2010-08-01,N7,콘텐츠,117.85,0.7799
2010-09-01,N7,콘텐츠,117.03,-0.7016
2010-10-01,N7,콘텐츠,114.74,-1.9752
2010-11-01,N7,콘텐츠,116.07,1.1534
2010-12-01,N7,콘텐츠,115.28,-0.6819
2011-01-01,N7,콘텐츠,117.84,2.1994
2011-02-01,N7,콘텐츠,119.09,1.0522
2011-03-01,N7,콘텐츠,117.35,-1.4714
2011-04-01,N7,콘텐츠,117.09,-0.2223
2011-05-01,N7,콘텐츠,121.37,3.5858
2011-06-01,N7,콘텐츠,126.56,4.1878
2011-07-01,N7,콘텐츠,126.94,0.3056
2011-08-01,N7,콘텐츠,126.23,-0.5619
2011-09-01,N7,콘텐츠,125.18,-0.8404
2011-10-01,N7,콘텐츠,125.95,0.617
2011-11-01,N7,콘텐츠,129.61,2.8607
2011-12-01,N7,콘텐츠,131.67,1.5796
2012-01-01,N7,콘텐츠,134.44,2.0803
2012-02-01,N7,콘텐츠,134.26,-0.1311
2012-03-01,N7,콘텐츠,133.54,-0.5418
2012-04-01,N7,콘텐츠,133.62,0.0633
2012-05-01,N7,콘텐츠,134.01,0.2895
2012-06-01,N7,콘텐츠,136.79,2.0546
2012-07-01,N7,콘텐츠,136.03,-0.5576
2012-08-01,N7,콘텐츠,137.79,1.286
2012-09-01,N7,콘텐츠,138.85,0.7688
2012-10-01,N7,콘텐츠,137.39,-1.0606
2012-11-01,N7,콘텐츠,138.0,0.445
2012-12-01,N7,콘텐츠,138.75,0.5395
2013-01-01,N7,콘텐츠,137.85,-0.6518
2013-02-01,N7,콘텐츠,140.3,1.7674
2013-03-01,N7,콘텐츠,139.37,-0.6648
2013-04-01,N7,콘텐츠,138.11,-0.9086
2013-05-01,N7,콘텐츠,137.97,-0.1071
2013-06-01,N7,콘텐츠,141.66,2.6447
2013-07-01,N7,콘텐츠,141.05,-0.4335
2013-08-01,N7,콘텐츠,139.98,-0.7618
2013-09-01,N7,콘텐츠,137.65,-1.6793
2013-10-01,N7,콘텐츠,136.14,-1.1009
2013-11-01,N7,콘텐츠,137.91,1.2901
2013-12-01,N7,콘텐츠,138.94,0.7428
2014-01-01,N7,콘텐츠,139.7,0.546
2014-02-01,N7,콘텐츠,146.04,4.4373
2014-03-01,N7,콘텐츠,142.47,-2.4754
2014-04-01,N7,콘텐츠,140.52,-1.3738
2014-05-01,N7,콘텐츠,141.86,0.9477
2014-06-01,N7,콘텐츠,146.86,3.4641
2014-07-01,N7,콘텐츠,145.19,-1.143
2014-08-01,N7,콘텐츠,141.47,-2.5945
2014-09-01,N7,콘텐츠,139.66,-1.2927
2014-10-01,N7,콘텐츠,137.75,-1.3709
2014-11-01,N7,콘텐츠,141.11,2.4094
2014-12-01,N7,콘텐츠,141.15,0.025
2015-01-01,N7,콘텐츠,141.08,-0.0449
2015-02-01,N7,콘텐츠,141.48,0.2791
2015-03-01,N7,콘텐츠,137.5,-2.8528
2015-04-01,N7,콘텐츠,137.3,-0.1435
2015-05-01,N7,콘텐츠,138.3,0.7257
2015-06-01,N7,콘텐츠,139.12,0.589
2015-07-01,N7,콘텐츠,133.82,-3.8864
2015-08-01,N7,콘텐츠,133.47,-0.2582
2015-09-01,N7,콘텐츠,134.24,0.5735
2015-10-01,N7,콘텐츠,134.4,0.1206
2015-11-01,N7,콘텐츠,136.77,1.7453
2015-12-01,N7,콘텐츠,136.49,-0.201
2016-01-01,N7,콘텐츠,138.08,1.1593
2016-02-01,N7,콘텐츠,140.51,1.7393
2016-03-01,N7,콘텐츠,138.39,-1.5151
2016-04-01,N7,콘텐츠,136.18,-1.6108
2016-05-01,N7,콘텐츠,134.75,-1.0606
2016-06-01,N7,콘텐츠,137.7,2.1714
2016-07-01,N7,콘텐츠,136.61,-0.801
2016-08-01,N7,콘텐츠,136.3,-0.2271
2016-09-01,N7,콘텐츠,134.46,-1.3526
2016-10-01,N7,콘텐츠,132.75,-1.2862
2016-11-01,N7,콘텐츠,133.73,0.74
2016-12-01,N7,콘텐츠,133.61,-0.0948
2017-01-01,N7,콘텐츠,134.04,0.3263
2017-02-01,N7,콘텐츠,135.21,0.8684
2017-03-01,N7,콘텐츠,132.27,-2.2012
2017-04-01,N7,콘텐츠,134.61,1.7575
2017-05-01,N7,콘텐츠,134.27,-0.2567
2017-06-01,N7,콘텐츠,141.91,5.535
2017-07-01,N7,콘텐츠,140.45,-1.0326
2017-08-01,N7,콘텐츠,139.23,-0.8763
2017-09-01,N7,콘텐츠,140.11,0.6353
2017-10-01,N7,콘텐츠,140.54,0.3061
2017-11-01,N7,콘텐츠,141.52,0.6941
2017-12-01,N7,콘텐츠,141.89,0.2634
2018-01-01,N7,콘텐츠,142.97,0.7565
2018-02-01,N7,콘텐츠,147.54,3.1469
2018-03-01,N7,콘텐츠,149.51,1.3277
2018-04-01,N7,콘텐츠,149.22,-0.198
2018-05-01,N7,콘텐츠,146.53,-1.8194
2018-06-01,N7,콘텐츠,151.68,3.4531
2018-07-01,N7,콘텐츠,144.36,-4.9445
2018-08-01,N7,콘텐츠,143.23,-0.7836
2018-09-01,N7,콘텐츠,143.56,0.2308
2018-10-01,N7,콘텐츠,144.0,0.3037
2018-11-01,N7,콘텐츠,146.7,1.8606
2018-12-01,N7,콘텐츠,151.09,2.9422
2019-01-01,N7,콘텐츠,153.45,1.5541
2019-02-01,N7,콘텐츠,157.35,2.5063
2019-03-01,N7,콘텐츠,153.54,-2.4467
2019-04-01,N7,콘텐츠,150.75,-1.833
2019-05-01,N7,콘텐츠,152.46,1.1242
2019-06-01,N7,콘텐츠,159.29,4.3833
2019-07-01,N7,콘텐츠,152.99,-4.0374
2019-08-01,N7,콘텐츠,151.69,-0.8506
2019-09-01,N7,콘텐츠,148.09,-2.4058
2019-10-01,N7,콘텐츠,144.39,-2.5236
2019-11-01,N7,콘텐츠,141.69,-1.8907
2019-12-01,N7,콘텐츠,135.99,-4.1042
2020-01-01,N7,콘텐츠,129.18,-5.143
2020-02-01,N7,콘텐츠,124.19,-3.9365
2020-03-01,N7,콘텐츠,115.8,-6.9929
2020-04-01,N7,콘텐츠,110.11,-5.0388
2020-05-01,N7,콘텐츠,104.67,-5.0704
2020-06-01,N7,콘텐츠,100.77,-3.7919
2020-07-01,N7,콘텐츠,89.72,-11.6142
2020-08-01,N7,콘텐츠,86.5,-3.653
2020-09-01,N7,콘텐츠,85.31,-1.3854
2020-10-01,N7,콘텐츠,84.71,-0.7125
2020-11-01,N7,콘텐츠,84.53,-0.2081
2020-12-01,N7,콘텐츠,84.5,-0.0417
2021-01-01,N7,콘텐츠,84.04,-0.5432
2021-02-01,N7,콘텐츠,83.41,-0.7571
2021-03-01,N7,콘텐츠,82.5,-1.0867
2021-04-01,N7,콘텐츠,82.28,-0.2735
2021-05-01,N7,콘텐츠,82.96,0.8183
2021-06-01,N7,콘텐츠,85.45,2.9611
2021-07-01,N7,콘텐츠,83.19,-2.6728
2021-08-01,N7,콘텐츠,82.93,-0.3222
2021-09-01,N7,콘텐츠,84.18,1.5004
2021-10-01,N7,콘텐츠,84.28,0.1171
2021-11-01,N7,콘텐츠,86.22,2.272
2021-12-01,N7,콘텐츠,88.79,2.9459
2022-01-01,N7,콘텐츠,89.96,1.3002
2022-02-01,N7,콘텐츠,90.61,0.7255
2022-03-01,N7,콘텐츠,92.32,1.8711
2022-04-01,N7,콘텐츠,93.21,0.9566
2022-05-01,N7,콘텐츠,93.55,0.362
2022-06-01,N7,콘텐츠,96.58,3.1859
2022-07-01,N7,콘텐츠,94.62,-2.0481
2022-08-01,N7,콘텐츠,94.99,0.3937
2022-09-01,N7,콘텐츠,98.05,3.1742
2022-10-01,N7,콘텐츠,98.43,0.3799
2022-11-01,N7,콘텐츠,98.85,0.4284
2022-12-01,N7,콘텐츠,98.62,-0.2354
2023-01-01,N7,콘텐츠,98.17,-0.4509
2023-02-01,N7,콘텐츠,97.64,-0.5467
2023-03-01,N7,콘텐츠,98.42,0.7974
2023-04-01,N7,콘텐츠,97.71,-0.7253
2023-05-01,N7,콘텐츠,96.98,-0.7452
2023-06-01,N7,콘텐츠,100.22,3.2787
2023-07-01,N7,콘텐츠,96.74,-3.5259
2023-08-01,N7,콘텐츠,96.43,-0.3281
2023-09-01,N7,콘텐츠,98.38,2.0029
2023-10-01,N7,콘텐츠,96.84,-1.5729
2023-11-01,N7,콘텐츠,96.87,0.0291
2023-12-01,N7,콘텐츠,96.68,-0.1965
2024-01-01,N7,콘텐츠,96.08,-0.6211
2024-02-01,N7,콘텐츠,94.75,-1.395
2024-03-01,N7,콘텐츠,94.12,-0.6637
2024-04-01,N7,콘텐츠,92.72,-1.5002
2024-05-01,N7,콘텐츠,92.51,-0.2281
2024-06-01,N7,콘텐츠,94.0,1.601
2024-07-01,N7,콘텐츠,89.12,-5.3314
2024-08-01,N7,콘텐츠,87.77,-1.5288
2024-09-01,N7,콘텐츠,87.58,-0.2249
2024-10-01,N7,콘텐츠,85.62,-2.261
2024-11-01,N7,콘텐츠,85.32,-0.3461
2024-12-01,N7,콘텐츠,85.2,-0.1404
2025-01-01,N7,콘텐츠,84.6,-0.7134
2025-02-01,N7,콘텐츠,84.4,-0.2334
2025-03-01,N7,콘텐츠,84.81,0.4911
2025-04-01,N7,콘텐츠,84.67,-0.1662
2025-05-01,N7,콘텐츠,84.58,-0.1082
2025-06-01,N7,콘텐츠,86.85,2.6458
2025-07-01,N7,콘텐츠,85.08,-2.0626
2025-08-01,N7,콘텐츠,86.42,1.5652
2025-09-01,N7,콘텐츠,88.05,1.8673
2025-10-01,N7,콘텐츠,88.1,0.0543
2025-11-01,N7,콘텐츠,89.09,1.1267
2025-12-01,N7,콘텐츠,90.32,1.3723
2000-01-01,N8,디지털헬스케어,34.44,
2000-02-01,N8,디지털헬스케어,32.84,-4.7418
2000-03-01,N8,디지털헬스케어,32.37,-1.4554
2000-04-01,N8,디지털헬스케어,32.13,-0.7435
2000-05-01,N8,디지털헬스케어,31.97,-0.4988
2000-06-01,N8,디지털헬스케어,31.8,-0.5222
2000-07-01,N8,디지털헬스케어,31.68,-0.3712
2000-08-01,N8,디지털헬스케어,31.21,-1.4906
2000-09-01,N8,디지털헬스케어,30.88,-1.0642
2000-10-01,N8,디지털헬스케어,30.74,-0.4739
2000-11-01,N8,디지털헬스케어,30.37,-1.2073
2000-12-01,N8,디지털헬스케어,30.05,-1.0429
2001-01-01,N8,디지털헬스케어,29.52,-1.806
2001-02-01,N8,디지털헬스케어,29.5,-0.0521
2001-03-01,N8,디지털헬스케어,30.41,3.0527
2001-04-01,N8,디지털헬스케어,30.62,0.6798
2001-05-01,N8,디지털헬스케어,30.6,-0.0753
2001-06-01,N8,디지털헬스케어,30.74,0.476
2001-07-01,N8,디지털헬스케어,31.01,0.8462
2001-08-01,N8,디지털헬스케어,31.01,0.0248
2001-09-01,N8,디지털헬스케어,30.98,-0.0992
2001-10-01,N8,디지털헬스케어,31.44,1.4771
2001-11-01,N8,디지털헬스케어,31.39,-0.1712
2001-12-01,N8,디지털헬스케어,31.61,0.6831
2002-01-01,N8,디지털헬스케어,31.77,0.5093
2002-02-01,N8,디지털헬스케어,31.77,0.0242
2002-03-01,N8,디지털헬스케어,32.19,1.2975
2002-04-01,N8,디지털헬스케어,32.15,-0.1194
2002-05-01,N8,디지털헬스케어,32.21,0.191
2002-06-01,N8,디지털헬스케어,32.62,1.2564
2002-07-01,N8,디지털헬스케어,32.8,0.5638
2002-08-01,N8,디지털헬스케어,32.57,-0.7288
2002-09-01,N8,디지털헬스케어,32.58,0.0472
2002-10-01,N8,디지털헬스케어,32.81,0.7051
2002-11-01,N8,디지털헬스케어,32.54,-0.823
2002-12-01,N8,디지털헬스케어,32.73,0.5651
2003-01-01,N8,디지털헬스케어,32.83,0.3048
2003-02-01,N8,디지털헬스케어,32.5,-0.988
2003-03-01,N8,디지털헬스케어,33.09,1.7807
2003-04-01,N8,디지털헬스케어,32.92,-0.5122
2003-05-01,N8,디지털헬스케어,32.78,-0.4211
2003-06-01,N8,디지털헬스케어,33.0,0.6542
2003-07-01,N8,디지털헬스케어,33.03,0.0931
2003-08-01,N8,디지털헬스케어,32.86,-0.5132
2003-09-01,N8,디지털헬스케어,33.14,0.8616
2003-10-01,N8,디지털헬스케어,33.51,1.1068
2003-11-01,N8,디지털헬스케어,33.42,-0.2755
2003-12-01,N8,디지털헬스케어,33.8,1.1431
2004-01-01,N8,디지털헬스케어,33.9,0.2951
2004-02-01,N8,디지털헬스케어,33.73,-0.5227
2004-03-01,N8,디지털헬스케어,34.23,1.4701
2004-04-01,N8,디지털헬스케어,34.12,-0.3148
2004-05-01,N8,디지털헬스케어,34.06,-0.1578
2004-06-01,N8,디지털헬스케어,34.5,1.2776
2004-07-01,N8,디지털헬스케어,34.56,0.178
2004-08-01,N8,디지털헬스케어,34.56,-0.0222
2004-09-01,N8,디지털헬스케어,34.67,0.333
2004-10-01,N8,디지털헬스케어,34.79,0.3319
2004-11-01,N8,디지털헬스케어,34.89,0.3088
2004-12-01,N8,디지털헬스케어,35.29,1.1386
2005-01-01,N8,디지털헬스케어,35.44,0.4128
2005-02-01,N8,디지털헬스케어,35.68,0.6699
2005-03-01,N8,디지털헬스케어,36.15,1.3265
2005-04-01,N8,디지털헬스케어,36.29,0.3818
2005-05-01,N8,디지털헬스케어,36.55,0.7173
2005-06-01,N8,디지털헬스케어,36.98,1.1496
2005-07-01,N8,디지털헬스케어,37.15,0.4768
2005-08-01,N8,디지털헬스케어,37.44,0.7623
2005-09-01,N8,디지털헬스케어,37.77,0.8787
2005-10-01,N8,디지털헬스케어,38.22,1.1933
2005-11-01,N8,디지털헬스케어,38.6,0.9803
2005-12-01,N8,디지털헬스케어,38.84,0.6153
2006-01-01,N8,디지털헬스케어,39.02,0.4737
2006-02-01,N8,디지털헬스케어,39.22,0.5107
2006-03-01,N8,디지털헬스케어,39.52,0.7612
2006-04-01,N8,디지털헬스케어,39.8,0.6975
2006-05-01,N8,디지털헬스케어,40.14,0.846
2006-06-01,N8,디지털헬스케어,40.42,0.7059
2006-07-01,N8,디지털헬스케어,40.69,0.6632
2006-08-01,N8,디지털헬스케어,40.98,0.7151
2006-09-01,N8,디지털헬스케어,41.22,0.5796
2006-10-01,N8,디지털헬스케어,41.46,0.5763
2006-11-01,N8,디지털헬스케어,41.7,0.573
2006-12-01,N8,디지털헬스케어,42.0,0.7345
2007-01-01,N8,디지털헬스케어,42.38,0.8925
2007-02-01,N8,디지털헬스케어,42.76,0.8846
2007-03-01,N8,디지털헬스케어,42.99,0.5556
2007-04-01,N8,디지털헬스케어,43.15,0.3568
2007-05-01,N8,디지털헬스케어,43.35,0.462
2007-06-01,N8,디지털헬스케어,43.66,0.7242
2007-07-01,N8,디지털헬스케어,43.94,0.6316
2007-08-01,N8,디지털헬스케어,44.13,0.4363
2007-09-01,N8,디지털헬스케어,44.23,0.2261
2007-10-01,N8,디지털헬스케어,44.45,0.5026
2007-11-01,N8,디지털헬스케어,44.72,0.586
2007-12-01,N8,디지털헬스케어,45.0,0.6338
2008-01-01,N8,디지털헬스케어,45.21,0.46
2008-02-01,N8,디지털헬스케어,45.41,0.441
2008-03-01,N8,디지털헬스케어,45.56,0.3379
2008-04-01,N8,디지털헬스케어,45.77,0.4544
2008-05-01,N8,디지털헬스케어,46.01,0.5358
2008-06-01,N8,디지털헬스케어,46.28,0.5828
2008-07-01,N8,디지털헬스케어,46.43,0.315
2008-08-01,N8,디지털헬스케어,46.65,0.4788
2008-09-01,N8,디지털헬스케어,46.95,0.6403
2008-10-01,N8,디지털헬스케어,47.32,0.7825
2008-11-01,N8,디지털헬스케어,47.66,0.712
2008-12-01,N8,디지털헬스케어,48.03,0.771
2009-01-01,N8,디지털헬스케어,48.4,0.7809
2009-02-01,N8,디지털헬스케어,48.78,0.7749
2009-03-01,N8,디지털헬스케어,49.19,0.8314
2009-04-01,N8,디지털헬스케어,49.59,0.8246
2009-05-01,N8,디지털헬스케어,50.06,0.9407
2009-06-01,N8,디지털헬스케어,50.69,1.2356
2009-07-01,N8,디지털헬스케어,51.12,0.8454
2009-08-01,N8,디지털헬스케어,51.5,0.7488
2009-09-01,N8,디지털헬스케어,51.77,0.5209
2009-10-01,N8,디지털헬스케어,52.09,0.6215
2009-11-01,N8,디지털헬스케어,52.49,0.7641
2009-12-01,N8,디지털헬스케어,52.95,0.8745
2010-01-01,N8,디지털헬스케어,53.31,0.6653
2010-02-01,N8,디지털헬스케어,53.63,0.6036
2010-03-01,N8,디지털헬스케어,53.91,0.5288
2010-04-01,N8,디지털헬스케어,54.08,0.3131
2010-05-01,N8,디지털헬스케어,54.29,0.3829
2010-06-01,N8,디지털헬스케어,54.52,0.4237
2010-07-01,N8,디지털헬스케어,54.67,0.2815
2010-08-01,N8,디지털헬스케어,54.89,0.3928
2010-09-01,N8,디지털헬스케어,55.05,0.2936
2010-10-01,N8,디지털헬스케어,55.28,0.4179
2010-11-01,N8,디지털헬스케어,55.57,0.5268
2010-12-01,N8,디지털헬스케어,55.89,0.5653
2011-01-01,N8,디지털헬스케어,56.04,0.2746
2011-02-01,N8,디지털헬스케어,56.23,0.3422
2011-03-01,N8,디지털헬스케어,56.41,0.3138
2011-04-01,N8,디지털헬스케어,56.6,0.34
2011-05-01,N8,디지털헬스케어,56.83,0.3929
2011-06-01,N8,디지털헬스케어,57.06,0.4183
2011-07-01,N8,디지털헬스케어,57.26,0.3361
2011-08-01,N8,디지털헬스케어,57.38,0.2145
2011-09-01,N8,디지털헬스케어,57.61,0.401
2011-10-01,N8,디지털헬스케어,57.99,0.6515
2011-11-01,N8,디지털헬스케어,58.43,0.7657
2011-12-01,N8,디지털헬스케어,58.73,0.5116
2012-01-01,N8,디지털헬스케어,58.94,0.3526
2012-02-01,N8,디지털헬스케어,59.2,0.4423
2012-03-01,N8,디지털헬스케어,59.43,0.3887
2012-04-01,N8,디지털헬스케어,59.58,0.2583
2012-05-01,N8,디지털헬스케어,59.72,0.2319
2012-06-01,N8,디지털헬스케어,59.92,0.334
2012-07-01,N8,디지털헬스케어,60.1,0.2945
2012-08-01,N8,디지털헬스케어,60.31,0.3574
2012-09-01,N8,디지털헬스케어,60.44,0.2036
2012-10-01,N8,디지털헬스케어,60.63,0.3174
2012-11-01,N8,디지털헬스케어,60.81,0.2911
2012-12-01,N8,디지털헬스케어,61.02,0.3532
2013-01-01,N8,디지털헬스케어,61.24,0.3645
2013-02-01,N8,디지털헬스케어,61.46,0.3507
2013-03-01,N8,디지털헬스케어,61.66,0.3246
2013-04-01,N8,디지털헬스케어,61.87,0.3483
2013-05-01,N8,디지털헬스케어,62.15,0.4461
2013-06-01,N8,디지털헬스케어,62.48,0.5302
2013-07-01,N8,디지털헬스케어,62.82,0.5397
2013-08-01,N8,디지털헬스케어,63.2,0.5976
2013-09-01,N8,디지털헬스케어,63.51,0.4973
2013-10-01,N8,디지털헬스케어,63.96,0.7113
2013-11-01,N8,디지털헬스케어,64.35,0.5989
2013-12-01,N8,디지털헬스케어,64.77,0.6546
2014-01-01,N8,디지털헬스케어,65.07,0.4616
2014-02-01,N8,디지털헬스케어,65.45,0.577
2014-03-01,N8,디지털헬스케어,65.8,0.5386
2014-04-01,N8,디지털헬스케어,66.18,0.5706
2014-05-01,N8,디지털헬스케어,66.58,0.602
2014-06-01,N8,디지털헬스케어,67.06,0.7245
2014-07-01,N8,디지털헬스케어,67.58,0.7762
2014-08-01,N8,디지털헬스케어,68.03,0.6573
2014-09-01,N8,디지털헬스케어,68.38,0.507
2014-10-01,N8,디지털헬스케어,68.76,0.5604
2014-11-01,N8,디지털헬스케어,69.11,0.5016
2014-12-01,N8,디지털헬스케어,69.6,0.7091
2015-01-01,N8,디지털헬스케어,69.95,0.5066
2015-02-01,N8,디지털헬스케어,70.45,0.7115
2015-03-01,N8,디지털헬스케어,70.73,0.3919
2015-04-01,N8,디지털헬스케어,71.03,0.4228
2015-05-01,N8,디지털헬스케어,71.38,0.4964
2015-06-01,N8,디지털헬스케어,71.95,0.7935
2015-07-01,N8,디지털헬스케어,72.32,0.5113
2015-08-01,N8,디지털헬스케어,72.64,0.4453
2015-09-01,N8,디지털헬스케어,72.89,0.3485
2015-10-01,N8,디지털헬스케어,73.27,0.5152
2015-11-01,N8,디지털헬스케어,73.79,0.7106
2015-12-01,N8,디지털헬스케어,74.43,0.8606
2016-01-01,N8,디지털헬스케어,75.01,0.7713
2016-02-01,N8,디지털헬스케어,75.71,0.928
2016-03-01,N8,디지털헬스케어,76.33,0.8188
2016-04-01,N8,디지털헬스케어,77.05,0.9419
2016-05-01,N8,디지털헬스케어,77.77,0.9331
2016-06-01,N8,디지털헬스케어,78.53,0.9636
2016-07-01,N8,디지털헬스케어,79.13,0.7604
2016-08-01,N8,디지털헬스케어,79.77,0.8125
2016-09-01,N8,디지털헬스케어,80.33,0.7007
2016-10-01,N8,디지털헬스케어,81.05,0.8857
2016-11-01,N8,디지털헬스케어,81.86,1.0
2016-12-01,N8,디지털헬스케어,82.58,0.8692
2017-01-01,N8,디지털헬스케어,83.11,0.64
2017-02-01,N8,디지털헬스케어,83.71,0.7186
2017-03-01,N8,디지털헬스케어,84.37,0.7864
2017-04-01,N8,디지털헬스케어,84.61,0.291
2017-05-01,N8,디지털헬스케어,84.64,0.0363
2017-06-01,N8,디지털헬스케어,84.65,0.0091
2017-07-01,N8,디지털헬스케어,84.92,0.3172
2017-08-01,N8,디지털헬스케어,85.13,0.244
2017-09-01,N8,디지털헬스케어,85.32,0.2254
2017-10-01,N8,디지털헬스케어,85.47,0.18
2017-11-01,N8,디지털헬스케어,85.6,0.1437
2017-12-01,N8,디지털헬스케어,86.02,0.4925
2018-01-01,N8,디지털헬스케어,86.45,0.499
2018-02-01,N8,디지털헬스케어,87.27,0.9466
2018-03-01,N8,디지털헬스케어,87.99,0.8243
2018-04-01,N8,디지털헬스케어,88.35,0.4096
2018-05-01,N8,디지털헬스케어,88.84,0.5464
2018-06-01,N8,디지털헬스케어,89.71,0.9727
2018-07-01,N8,디지털헬스케어,90.62,1.0142
2018-08-01,N8,디지털헬스케어,91.21,0.6424
2018-09-01,N8,디지털헬스케어,91.8,0.6467
2018-10-01,N8,디지털헬스케어,92.48,0.7423
2018-11-01,N8,디지털헬스케어,93.36,0.951
2018-12-01,N8,디지털헬스케어,94.42,1.1213
2019-01-01,N8,디지털헬스케어,95.02,0.6328
2019-02-01,N8,디지털헬스케어,95.72,0.7333
2019-03-01,N8,디지털헬스케어,96.17,0.4725
2019-04-01,N8,디지털헬스케어,96.45,0.2872
2019-05-01,N8,디지털헬스케어,96.96,0.5324
2019-06-01,N8,디지털헬스케어,97.72,0.7815
2019-07-01,N8,디지털헬스케어,98.37,0.6662
2019-08-01,N8,디지털헬스케어,99.18,0.8168
2019-09-01,N8,디지털헬스케어,99.77,0.5948
2019-10-01,N8,디지털헬스케어,100.06,0.2846
2019-11-01,N8,디지털헬스케어,99.9,-0.1537
2019-12-01,N8,디지털헬스케어,99.83,-0.0769
2020-01-01,N8,디지털헬스케어,99.89,0.0616
2020-02-01,N8,디지털헬스케어,100.28,0.3916
2020-03-01,N8,디지털헬스케어,100.45,0.1684
2020-04-01,N8,디지털헬스케어,100.33,-0.1148
2020-05-01,N8,디지털헬스케어,100.13,-0.207
2020-06-01,N8,디지털헬스케어,100.0,-0.1306
2020-07-01,N8,디지털헬스케어,99.83,-0.1692
2020-08-01,N8,디지털헬스케어,99.77,-0.0616
2020-09-01,N8,디지털헬스케어,99.29,-0.4787
2020-10-01,N8,디지털헬스케어,99.34,0.0464
2020-11-01,N8,디지털헬스케어,99.77,0.4323
2020-12-01,N8,디지털헬스케어,100.94,1.1716
2021-01-01,N8,디지털헬스케어,101.86,0.9018
2021-02-01,N8,디지털헬스케어,102.53,0.6617
2021-03-01,N8,디지털헬스케어,102.97,0.4263
2021-04-01,N8,디지털헬스케어,103.29,0.3129
2021-05-01,N8,디지털헬스케어,103.71,0.4009
2021-06-01,N8,디지털헬스케어,104.4,0.6647
2021-07-01,N8,디지털헬스케어,105.1,0.6676
2021-08-01,N8,디지털헬스케어,105.98,0.8373
2021-09-01,N8,디지털헬스케어,106.63,0.6072
2021-10-01,N8,디지털헬스케어,108.1,1.3671
2021-11-01,N8,디지털헬스케어,109.22,1.0325
2021-12-01,N8,디지털헬스케어,110.39,1.0707
2022-01-01,N8,디지털헬스케어,110.88,0.4445
2022-02-01,N8,디지털헬스케어,111.37,0.4356
2022-03-01,N8,디지털헬스케어,111.92,0.4956
2022-04-01,N8,디지털헬스케어,112.38,0.4111
2022-05-01,N8,디지털헬스케어,112.95,0.5047
2022-06-01,N8,디지털헬스케어,113.54,0.5157
2022-07-01,N8,디지털헬스케어,114.04,0.4457
2022-08-01,N8,디지털헬스케어,114.65,0.5309
2022-09-01,N8,디지털헬스케어,114.97,0.2744
2022-10-01,N8,디지털헬스케어,115.55,0.5067
2022-11-01,N8,디지털헬스케어,115.48,-0.0599
2022-12-01,N8,디지털헬스케어,115.73,0.2193
2023-01-01,N8,디지털헬스케어,115.73,0.0
2023-02-01,N8,디지털헬스케어,116.26,0.4505
2023-03-01,N8,디지털헬스케어,116.87,0.5274
2023-04-01,N8,디지털헬스케어,117.13,0.2233
2023-05-01,N8,디지털헬스케어,117.29,0.1377
2023-06-01,N8,디지털헬스케어,117.47,0.1506
2023-07-01,N8,디지털헬스케어,117.7,0.1961
2023-08-01,N8,디지털헬스케어,118.35,0.5469
2023-09-01,N8,디지털헬스케어,118.59,0.2076
2023-10-01,N8,디지털헬스케어,119.05,0.3816
2023-11-01,N8,디지털헬스케어,119.07,0.0194
2023-12-01,N8,디지털헬스케어,119.45,0.3222
2024-01-01,N8,디지털헬스케어,119.48,0.0257
2024-02-01,N8,디지털헬스케어,119.82,0.2826
2024-03-01,N8,디지털헬스케어,120.06,0.1986
2024-04-01,N8,디지털헬스케어,120.23,0.1407
2024-05-01,N8,디지털헬스케어,120.47,0.1979
2024-06-01,N8,디지털헬스케어,120.77,0.2548
2024-07-01,N8,디지털헬스케어,121.32,0.4507
2024-08-01,N8,디지털헬스케어,121.98,0.5432
2024-09-01,N8,디지털헬스케어,122.18,0.1637
2024-10-01,N8,디지털헬스케어,122.66,0.3954
2024-11-01,N8,디지털헬스케어,123.19,0.4251
2024-12-01,N8,디지털헬스케어,124.11,0.7458
2025-01-01,N8,디지털헬스케어,124.62,0.4078
2025-02-01,N8,디지털헬스케어,125.29,0.535
2025-03-01,N8,디지털헬스케어,125.85,0.4528
2025-04-01,N8,디지털헬스케어,126.43,0.4569
2025-05-01,N8,디지털헬스케어,126.91,0.3761
2025-06-01,N8,디지털헬스케어,127.58,0.5314
2025-07-01,N8,디지털헬스케어,128.08,0.3917
2025-08-01,N8,디지털헬스케어,128.44,0.2773
2025-09-01,N8,디지털헬스케어,128.73,0.2232
2025-10-01,N8,디지털헬스케어,129.12,0.3065
2025-11-01,N8,디지털헬스케어,129.5,0.2951
2025-12-01,N8,디지털헬스케어,129.81,0.2353
