,ACF55,ACF56,AGR1,AGR2,ART90,ART91,BUS74,BUS75,BUS76,CON,EDU85,FIN64,FIN65,FIN66,HW86,HW87,ICT58,ICT59,ICT60,ICT61,ICT62,ICT63,MFG10,MFG11,MFG12,MFG13,MFG14,MFG15,MFG16,MFG17,MFG18,MFG19,MFG20,MFG21,MFG22,MFG23,MFG24,MFG25,MFG26,MFG27,MFG28,MFG29,MFG30,MFG31,MFG32,MFG33,MFG34,MIN1,MIN2,MIN3,PER94,PER95,PER96,PRO70,PRO71,PRO72,PRO73,PUB,RE68,TRN49,TRN50,TRN51,TRN52,UTL35,UTL36,UTL37,UTL38,WRT45,WRT46,WRT47
ACF55,4.706289456583407,0.8314199155616356,0.015959949565044096,0.015959949565044096,2.172680457945453,0.9063217849919074,-0.19459469569314147,0.34962234576957385,1.2757654897276733,0.007234237695677776,-0.0042557517384099845,0.2878971097014044,-1.2077665695511868,-0.9773754824810946,0.7156581751870846,-0.6943986803771848,-0.33659224623714384,1.6949870677840218,-0.23451701178751264,0.17593239176142067,0.19134923521979183,1.1570730758336587,0.1542201326472778,0.6765308580801007,-1.344845270947824,0.468674599018531,1.2693042315377958,0.3067083251865192,0.3917516466088054,0.007318570516120536,0.7359713323060679,-0.5763553979850519,0.15954187773762446,-0.619731044336908,0.3585572773482139,0.027547722187780906,0.3218777027255107,-0.12150609175743474,-0.3148510528436715,0.3163463088717763,-0.1128948468238581,-0.08339958869087462,-0.6830176022260904,0.023454326536775517,-0.5877414026081286,0.7908245209821012,-0.6272453212759812,0.46869691743544617,1.3580090175046562,2.2073730383418733,0.5797505254294502,0.1705611855021136,1.7479306255821492,-0.21561618653876105,0.6865632819456344,0.5961476842656881,-0.015927163257606864,-0.022888963388973487,0.010014041460030272,1.0194286505708465,0.1914305348868849,4.855206843879888,0.6253870952900691,-0.08587058728192559,-0.05497760340105179,1.4763273017466012,1.450642708474684,-0.02573177523283463,0.15870857398215224,0.2556886771491263
ACF56,0.8314199155616356,1.807156390922565,-0.021022911996108354,-0.021022911996108354,0.3719495957495704,0.2969285793025461,0.12233426831741273,0.05400268369137148,-0.1247221511497746,0.2066770482098391,0.021457171952049565,0.06136086032791473,-0.07194528715987705,0.015758584148204403,-0.2721323661825032,-0.18161156429460235,1.0591154996789953,0.24054410109777924,0.3174856223616409,0.2668700154803494,0.7833898692605142,2.2923214061456987,-0.059618005292614885,0.2103103756490516,-0.44694860646678203,0.02595684787297162,0.1642553827201429,-0.03197730477951786,0.10096300030271457,-0.15990607240251442,0.05029342385866162,-0.7424949537931016,-0.37754918519089503,-0.12167238603463641,-0.11204538897199726,-0.19066077759679334,-0.09166756183445801,0.045927001290044546,-0.5217854992203075,0.1574307615012748,-0.009622066907186238,0.06888196180574299,0.153785714258,-0.1321929015740013,-0.06303299773075197,0.5042168046044864,-0.3437325282101242,0.9601750980446623,0.22608068801630365,0.04183966190178515,0.4500364672762141,0.6455764737768822,0.7580058457915141,0.16708712522558308,0.2861599929189558,0.41715977607306787,0.48591487363234653,-0.010041476257666732,0.09082956540862248,0.3040092818517386,-0.03263881809690949,1.2995381435768427,-0.010431683545612244,-0.02938588691089503,0.2283635171173977,1.0752922930837445,0.4229048776669327,0.15385515511533535,0.10218589465445976,0.11970951097172966
AGR1,0.015959949565044096,-0.021022911996108354,0.6537022277081186,0.6537022277081186,0.15961321963330843,-0.020153019953671636,-0.024242179908621004,0.09637857414492781,0.30893605432529814,0.028571406210969555,-0.014136828944488044,0.07962275432779624,0.2139774347943373,-0.0014639043500976718,-0.32208722873860757,0.27292842940559203,0.326415031235589,0.6809697614473464,0.23061947177683953,-0.034885195588715466,0.7598894123666814,0.1823695797846702,0.06203079643655131,-0.33298433007671163,0.01196665014971749,0.1859683505184541,0.28367540365861976,-0.13745198677547418,-0.03725319162786778,0.0942900230411048,-0.07435850695222017,0.2150111380020564,0.10564937444331991,-0.07874547182644243,-0.0457619639621104,-0.004926868083892302,-0.007258125247693148,0.014303849423247523,0.133000613470165,-0.004938732390549102,-0.024909006900238662,-0.0682058559077428,-0.27819101538741253,-0.00965775339221598,-0.020420748652521456,-0.22231071828521495,0.2505777715290941,-0.006932308655327855,0.8587901469206982,0.12746409690556107,0.28377944158792867,0.09901983292688873,0.005431070081181881,0.15554985953463352,0.21320399798195713,0.19319699613476093,0.3514563268066166,0.00777935782001076,-0.027094738043202234,0.037064454116143404,-0.25400123046101186,-0.27651119164960775,0.13981430782440277,-0.037997331289836074,0.1262889593342837,0.08419604226049504,0.08448649433305053,-0.012202034433001557,0.03739285411439195,0.06443040942881152
AGR2,0.015959949565044096,-0.021022911996108354,0.6537022277081186,0.6537022277081186,0.15961321963330843,-0.020153019953671636,-0.024242179908621004,0.09637857414492781,0.30893605432529814,0.028571406210969555,-0.014136828944488044,0.07962275432779624,0.2139774347943373,-0.0014639043500976718,-0.32208722873860757,0.27292842940559203,0.326415031235589,0.6809697614473464,0.23061947177683953,-0.034885195588715466,0.7598894123666814,0.1823695797846702,0.06203079643655131,-0.33298433007671163,0.01196665014971749,0.1859683505184541,0.28367540365861976,-0.13745198677547418,-0.03725319162786778,0.0942900230411048,-0.07435850695222017,0.2150111380020564,0.10564937444331991,-0.07874547182644243,-0.0457619639621104,-0.004926868083892302,-0.007258125247693148,0.014303849423247523,0.133000613470165,-0.004938732390549102,-0.024909006900238662,-0.0682058559077428,-0.27819101538741253,-0.00965775339221598,-0.020420748652521456,-0.22231071828521495,0.2505777715290941,-0.006932308655327855,0.8587901469206982,0.12746409690556107,0.28377944158792867,0.09901983292688873,0.005431070081181881,0.15554985953463352,0.21320399798195713,0.19319699613476093,0.3514563268066166,0.00777935782001076,-0.027094738043202234,0.037064454116143404,-0.25400123046101186,-0.27651119164960775,0.13981430782440277,-0.037997331289836074,0.1262889593342837,0.08419604226049504,0.08448649433305053,-0.012202034433001557,0.03739285411439195,0.06443040942881152
ART90,2.172680457945453,0.3719495957495704,0.15961321963330843,0.15961321963330843,8.779700694360676,-0.7425167118178813,0.26157607869295696,0.07610246263170459,0.5634416707950096,-0.21181861024863918,0.017557547699694198,0.36161992133457543,2.7234711758634167,0.8489159515949349,-0.2564720111274528,-0.3304938897345753,1.2963814058972907,1.77211470727705,0.26179790766719907,0.04607992154330839,7.233987968944231,1.057720350978252,-0.012671354184261864,-0.5473210619262828,-2.9158303163501484,0.10025710323010469,2.08868804983821,0.723208239602743,0.037295392521552256,0.425598722502158,0.23402718046168527,-1.9113322533363146,0.3446960788403066,0.2825030052849734,-0.10157643766002236,-0.43384328757914914,-0.306136666670724,-0.29489697132571524,-0.3775755002964493,0.26897621185821696,-0.43616276332701076,-0.01547827860724481,0.24454442824962866,0.30717820611353636,1.0132672356180779,0.3063497692758671,0.25020740012424175,-2.1950696747288845,3.1303749672887435,-1.1452316683240318,2.7983333175135963,0.6168184763583908,1.4075654247205696,0.6847912781877945,-0.4433490841552138,1.7103339236404866,2.928675726496609,-0.023025374998065645,0.09606932885963308,0.05282060476481592,1.7201703422224555,6.103511730284797,-0.3557462716344488,0.03973494884295965,0.06821500018645947,0.7014342810947757,-0.45240500093411784,0.3068727788877041,-0.10663518300661855,-0.04329610780774694
ART91,0.9063217849919074,0.2969285793025461,-0.020153019953671636,-0.020153019953671636,-0.7425167118178813,2.8557247863893527,0.11551834239495574,0.24505218034855822,0.4396578384184099,0.15996970901065338,0.03354238234033906,0.5715091945365606,-0.3327324034616276,-0.4336383336216231,0.3094017395440804,-0.15564108574064656,0.37255054617932504,3.435970130746415,-0.09483186807453346,0.10109687802940029,-1.4949240156844799,0.1990467676637066,0.055552613312037216,0.06989758777013726,-1.2969768521108254,-0.216286715294067,-0.27343566692436116,0.19471152609886558,0.1824942865063711,-0.03295146681655756,-0.053478682072896036,2.150799578188731,0.5647286896914895,-0.3467423850600973,0.28442783940580435,0.4295598275968187,0.22816353100752057,0.16161269223088628,0.02121919357160339,0.18611306107739325,0.30041048376869384,0.12209062681101503,1.4768702619514098,0.27330849286403974,0.06768918342407265,-0.36610289424821346,0.33663642773546176,0.11886991019764907,-1.3262290880769865,2.097095958461514,0.3092304832621963,0.18642141679942326,0.3278147489228747,-0.13378054955084828,1.0394410868780148,0.0966059302430419,0.4345338101959087,0.017067123812371163,0.02674215883607695,0.15791740071535418,-0.594383035113555,0.6265896591847316,0.014583996387278038,-0.07103553074116588,0.36775124766646555,0.28205912781371706,0.2559177377566517,-0.288475500074578,0.12798916402920976,0.1746603572835211
BUS74,-0.19459469569314147,0.12233426831741273,-0.024242179908621004,-0.024242179908621004,0.26157607869295696,0.11551834239495574,1.667137556126584,0.7596643271359873,0.21998266963330204,-0.004934235666945849,0.04818065511518609,-0.13427561204429217,1.0321674763734776,-1.0400310983378576,0.04625777494015817,-0.010113974142349415,0.30724336891424514,1.823050711396625,0.11681557965496814,0.008708061027403773,1.4542803009022358,-0.8970218643748294,0.04838080664815006,-0.21299778465561578,-0.6406198067266946,-0.42556267267519465,0.18417747960859618,-0.42086710202057226,-0.22129330485223328,-0.04381723355152297,-0.05297108681225347,0.13296734745002553,0.2323567710195638,-0.07282946858160207,-0.08502859127484805,0.04373859585032812,-0.10780760349576708,0.019612049479868172,-0.015061609154605863,-0.10098835616456593,0.01993891545761162,-0.05046965343489188,0.719819648668329,-0.06644494879611831,0.2643506932267682,0.08111989051476874,0.03829757858659796,0.8654213305849745,-0.34067279920099985,0.33652206101407267,0.7549960573385314,-0.5114955471539261,0.4487318606912407,0.20613762662165208,0.16309534542391452,1.1876647297531975,0.6977644037982605,0.0027494851310389326,0.04196159782411429,0.0011327594520469445,-0.5156748476634762,-0.8965020552505261,0.28754228923691066,0.10542544697997076,0.24125428005922558,-0.6714150033385052,0.33931070993913176,0.3840738860870795,-0.051813774901774294,-0.029937331935748046
BUS75,0.34962234576957385,0.05400268369137148,0.09637857414492781,0.09637857414492781,0.07610246263170459,0.24505218034855822,0.7596643271359873,1.9193471655304024,0.7267834811540362,0.04000806871928085,-0.005387032250754559,0.01563744680669553,0.6232825299399101,-1.4707372495321724,-0.1676872745821916,0.2883614423055294,0.49540470650913987,0.6227522840030097,0.1805470165285707,0.08604915572010056,0.21182282612347297,-0.45762238159195445,-0.010423642047126027,-0.4601268649783531,-1.5011803763176614,-0.45505258025604556,0.2302265899265798,-0.2014052029736827,-0.09389348301371467,0.1731676797793249,-0.32657602094314436,0.275201625394079,0.2624847119374358,-0.17616405010126954,-0.12807971442877392,0.20756226477338482,0.05539025467219362,0.15082811962439935,-0.004220876259220194,-0.22856581465307277,0.021289286330650605,-0.11048324950753022,0.6137233014002496,-0.14907537657294595,0.19742441524404744,0.21338307012364457,0.15598614501168134,-0.06830541190554713,1.7495026809563279,0.7377486898697885,0.9023826500813369,-0.11398860340191999,0.3314654117026718,0.239948401843637,0.39644872302515455,0.8131632795670509,0.36693110133133006,-0.01418941638813572,-0.03489985739419591,0.28718584159215094,-1.3197082427622493,-0.37461163748456344,0.4278971692357944,-0.035660031210748074,-0.10111140595094145,0.23909097164757506,-0.3261371133592434,0.12386911752358815,-0.001442429026638061,0.09538406779930891
BUS76,1.2757654897276733,-0.1247221511497746,0.30893605432529814,0.30893605432529814,0.5634416707950096,0.4396578384184099,0.21998266963330204,0.7267834811540362,10.044230035865015,-0.18544113607450352,-0.06913673460692252,-0.222584820712361,-3.0414579044746923,-1.1808068841917068,0.2014942870077323,-0.34719455359985435,1.3289173353939385,-0.5845917621197909,1.4420568523185584,-0.006299217685443331,4.089569686092964,-0.2511383653055708,0.22565322168825366,0.04305673891187424,-1.6439027272491307,0.25312529459035943,-0.12780428557353124,-1.3138555387609856,0.02768535818299886,-0.18411781924709852,-0.7135197997214586,-0.934895209557251,0.4502541993469569,-0.3332856727286728,-0.07097340193128418,0.08786624501702738,0.22489525908285168,0.23875828769679788,0.3520421913131776,-0.05311832522629412,-0.02211346560352696,-0.28810467759600683,-0.5626697632399416,-0.1368065689854453,0.7408074289768243,-1.0398361797926887,-0.1435569980341606,1.9503505688977827,2.350165357105957,2.9597891811203745,1.233632614411904,-0.10581894477541184,0.13944699982699027,-0.17561943100280294,1.8611811004448249,0.38345800554970183,1.5640698266438011,0.03327937247847985,-0.12893232659972273,1.0590105826258753,0.2667434149251851,0.7631557416968568,0.989458198034649,-0.5191186538327107,0.3337931249394535,0.7028121873086218,1.9459845403575875,0.2578249908712199,-0.01581024846240708,0.29351038382711125
CON,0.007234237695677776,0.2066770482098391,0.028571406210969555,0.028571406210969555,-0.21181861024863918,0.15996970901065338,-0.004934235666945849,0.04000806871928085,-0.18544113607450352,0.5061038205280608,0.015850044430926035,-0.014011009567296544,0.3043678731565466,-0.5406734618644152,-0.05560061695173632,0.08538337752997498,0.2913376749549038,0.37964782418767706,0.08692912265608055,-0.01680929009538006,-0.2846628041749671,0.5212636416195732,-0.008400909193679739,-0.08250240875037104,0.29400110507358196,-0.04615545809112541,0.2488885132177177,-0.09693982157957506,0.04193350010941227,0.013795717376512782,-0.05284747663567456,-0.09344785878079548,-0.38981666163421846,-0.06376636455205036,-0.19826357550107268,0.22752950964052146,-0.09227797268737806,0.14085872188341983,-0.2040353611095422,0.02030244429780797,0.14922510910402237,0.04435222962370626,-0.0027570087305423176,-0.05160028822618476,0.02802154693097737,0.16910564873648984,-0.06412607941294318,0.09043421366253265,-0.6888360307979313,0.10113632428317774,0.009292216704532147,0.08949623602986026,0.2013613525232122,0.021181344509906344,0.1615387966803351,0.33473038893920165,-0.25739649975275536,0.0007932510578096219,0.028120181757511818,-0.09073773819552969,-0.20859465662344165,0.11311548450906658,-0.06534759422613226,0.06905254667818533,-0.027825352410061944,0.14052004111806873,0.022452661124504187,-0.013093996533513457,0.013245652012239609,0.016898636953801872
EDU85,-0.0042557517384099845,0.021457171952049565,-0.014136828944488044,-0.014136828944488044,0.017557547699694198,0.03354238234033906,0.04818065511518609,-0.005387032250754559,-0.06913673460692252,0.015850044430926035,0.03848011780087668,0.01977525444974849,0.08451744505855147,0.008184946245327887,0.01443720542942004,0.04976538910369216,-0.06544770030302818,0.08836237227816458,-0.005918552173898191,-0.004750686216950595,0.12401728297523325,0.01641367240777037,-0.006535122044172326,-0.007896218173392082,-0.002465485276731754,-0.07265195594905466,-0.05066109651712306,-0.02483221184889272,0.019576359221184527,0.006706297804478341,0.0047683911151550585,0.1657420692272669,0.026024800030607087,0.016538898211463506,-0.014607597898944951,-0.011906932480969464,-0.03375142720254949,-0.00025502824657025653,-0.028908198700379643,0.00846245627671683,0.008163499579192357,0.011664292260456264,-0.09131317212474806,0.012135759317016725,-0.05620034918342876,0.006884488972801461,0.04427761305984696,-0.05624110157023146,-0.09154404216778084,-0.115794673737712,0.03088222976345615,-0.018279297706114403,0.013205999895315219,0.0011641991830396855,-0.06094721344529903,0.09689383227217283,-0.012553615307653,0.003545139998224899,-0.0064433143274142705,0.00782291847508951,0.05352275076220417,-0.254518306741315,0.02893329429973808,-0.029700189163314177,-0.0036707426518449862,-0.08074763168480356,0.07148093529523686,0.027218241382870597,0.006664701222735153,0.009996605527630435
FIN64,0.2878971097014044,0.06136086032791473,0.07962275432779624,0.07962275432779624,0.36161992133457543,0.5715091945365606,-0.13427561204429217,0.01563744680669553,-0.222584820712361,-0.014011009567296544,0.01977525444974849,2.892989589403232,1.0971755142900468,0.5896571563962337,0.07205676219276788,-0.019357055087870535,0.5577241692281337,1.572256303324786,-0.0021471026250538317,0.21653818429464444,-0.9094679447971638,-0.05585563403723951,-0.1576005752356276,-0.05442621515897914,-0.6086660013845602,0.11553973520415785,-0.2676352832493012,0.5583023153062395,-0.28481343375414275,0.07168725852325392,0.02854709517676316,-0.4599591008229999,0.18042946333876875,-0.004678228684300447,-0.3364982955616935,0.0760694962413837,-0.09127519928898145,-0.0910048495017564,0.5181303093646477,-0.09306983112796378,0.02910776058471052,0.10814696071079398,-0.13977120746386568,-0.0032307445862595004,-0.13681378262600838,0.04136705646643952,0.3290341346178327,-0.5550592616087245,-0.1843407091606728,0.1893979771671112,0.37931831447504344,0.6575580260967816,-0.15616685563921767,0.2502130213946676,0.5889287498342192,1.3648526600406172,-0.2250739908813991,-0.010693820329996257,-0.05198919951354856,-0.12657688796594166,-1.115179232398611,1.6286242446979833,-0.22528404362191373,0.10865031595381203,0.023165964262135554,0.44664222399336573,0.3180947536137723,-0.43809662965757834,-0.07109483580097918,0.1825750300571555
FIN65,-1.2077665695511868,-0.07194528715987705,0.2139774347943373,0.2139774347943373,2.7234711758634167,-0.3327324034616276,1.0321674763734776,0.6232825299399101,-3.0414579044746923,0.3043678731565466,0.08451744505855147,1.0971755142900468,25.88787530080378,-5.687009990282143,-0.7627454458963657,0.3144636303009751,1.1104377890645905,-0.36311479748809705,2.083541410460384,-0.6003446171327629,8.266576002904808,-2.7896308823929767,-0.5984490963836447,-2.388426420619677,-9.281907018386283,-0.807166688997843,1.6224005652690408,1.1312521112440865,-0.12273443902731235,-0.4091781083924221,0.3394391453609108,0.65082939051096,0.3686226444332557,-1.5141512941184048,-1.3223976602875667,-0.23999707229526127,-0.5098383204529467,1.058760508331315,-0.04185012592529085,0.023052287543524567,0.06319198546025842,0.2167240977855498,-2.037301074104246,-0.525891309720329,2.1855670930782267,0.5990629217731952,2.6459430877953625,-2.9039376511274324,-3.3914658251379515,-0.9662709346884205,7.808696694326527,0.1338085897039525,0.21440912685764552,0.6690303093458815,-0.4890584442453648,3.5900581281681396,3.2832508796530675,-0.0225159197901186,-0.2745271821373269,-1.3011479597681872,-0.5124087754555438,1.0453288609055826,0.3091065871997855,0.0655573850692321,0.8876165970451921,0.5175152610361073,0.3584453238496382,-1.1098947643991877,0.3166402422446609,0.08693135889021496
FIN66,-0.9773754824810946,0.015758584148204403,-0.0014639043500976718,-0.0014639043500976718,0.8489159515949349,-0.4336383336216231,-1.0400310983378576,-1.4707372495321724,-1.1808068841917068,-0.5406734618644152,0.008184946245327887,0.5896571563962337,-5.687009990282143,45.55686804833966,-0.22084169727684363,0.0409877481637178,-1.314184949277498,-3.748857399442572,-0.8811692993517408,0.08589798597997556,-4.236698868819742,-4.81723836055733,-0.7658381327549459,1.2639334175996637,1.216666660955512,2.552870671707004,1.1593564350472594,0.9737925226582131,0.8778533298844966,0.5649296283295351,1.7263228821497243,0.35267487923242935,0.6491571000537633,1.2043569206928288,2.5270530189366083,-0.9332273950480866,0.8688188005535592,-0.3546453174265781,2.046961089750497,-0.2645181894422253,0.37143157185396203,0.6315858703269986,3.815141566912624,-0.08518994613521974,1.6575018600056468,3.4439563193535045,-0.8338301072092422,0.7394230280609551,0.8346614885577164,-3.8144218214406216,-6.203913004622573,1.47182814621576,-0.6209885455702703,-0.24443513400595648,-1.865077287230343,-3.785404862182689,2.99374111286119,-0.005350332055702466,0.10294504914301184,-0.3861297699913877,3.980698816813482,-1.7147924129682262,-1.8254369706569904,-0.2588875693256953,0.20352207532959057,-1.3553560857546836,-2.369133602331229,2.3298055642448476,0.023811480959950213,-0.17978424401380041
HW86,0.7156581751870846,-0.2721323661825032,-0.32208722873860757,-0.32208722873860757,-0.2564720111274528,0.3094017395440804,0.04625777494015817,-0.1676872745821916,0.2014942870077323,-0.05560061695173632,0.01443720542942004,0.07205676219276788,-0.7627454458963657,-0.22084169727684363,9.98088852904311,-3.470732131214271,-0.7181025619266085,0.39286944038595034,-0.2374824912397798,-0.04282397134089321,-4.009762605313654,-1.7205681037619212,0.7923927407573,0.4672486173863694,-2.219856896134854,-0.3256607135865146,0.48219817859006947,0.21017703996421844,-0.1565630777462791,-0.01475476824448627,0.25780291055732313,-1.3084763019428123,-0.24292058549605858,-0.677198964383645,-0.10122605329049408,-0.09941676823414332,0.01446031921188488,0.07044846485131248,-0.5327985990753034,-0.7128410776658121,-0.18236950833310936,-0.13603518044803656,-0.6947688968545258,-0.011346164570134164,0.27524535201092154,-0.2967209252130349,-0.40499930914663645,-1.1169074185422785,0.16673231604750044,0.7738590669481697,0.04811198211186335,0.6791565851732938,-0.17431394307384004,-0.02182169121894214,0.6718109498936329,0.4443485392821626,-0.8803860730401731,0.002574550370698584,-0.055968981706087204,0.4061437347112744,-0.9024193551653487,0.5401961390991781,-0.47547615199539073,0.17589106467606364,0.5502271203489695,0.6988516906656006,1.5375250605848156,-0.44201614047223176,-0.08204314009203571,0.35889348689202066
HW87,-0.6943986803771848,-0.18161156429460235,0.27292842940559203,0.27292842940559203,-0.3304938897345753,-0.15564108574064656,-0.010113974142349415,0.2883614423055294,-0.34719455359985435,0.08538337752997498,0.04976538910369216,-0.019357055087870535,0.3144636303009751,0.0409877481637178,-3.470732131214271,4.35155023740331,-0.3938080388170584,-2.775818902873293,-0.14054762746762225,-0.1441125133156658,2.316694136551342,-0.39091369756465827,-0.49306767904203613,-1.0936684507369414,3.2000256920344006,-0.17476038618864012,-0.48998931672323026,-0.35449032128213376,-0.257892625925942,0.040043494756997006,-0.48374912945091475,1.4845063124086781,0.1813326827362211,0.4065890494876482,-0.2979450747822171,0.19007172095543673,-0.31371714201477846,-0.18417193182317987,-0.3150550303078215,0.12548161751372172,0.04217785988355419,-0.07381691709628466,-0.6034007409674379,0.018442238367524465,-0.3434066753948528,-0.5348801840371903,0.36908326912127526,0.46775615970393614,2.7573947348847128,-1.2494902273073505,-0.7866088033409184,-0.6683851266899913,-0.2646785303182352,0.08577201002925211,-0.831901539506176,-0.02917914447958376,-0.3303482177624549,0.017185584999169636,-0.10116456194888186,-0.48754513824790163,0.1844555459792553,-2.224433592271212,-0.14451238080324474,-0.30811142062541397,-0.17666131191382112,-1.3946912692408535,-0.5012697323771251,0.3914141746046883,0.043165036158551176,-0.06931006104392343
ICT58,-0.33659224623714384,1.0591154996789953,0.326415031235589,0.326415031235589,1.2963814058972907,0.37255054617932504,0.30724336891424514,0.49540470650913987,1.3289173353939385,0.2913376749549038,-0.06544770030302818,0.5577241692281337,1.1104377890645905,-1.314184949277498,-0.7181025619266085,-0.3938080388170584,15.185504282408042,-2.0666640973950248,3.790421469249763,0.41115093689221727,10.610502247396006,5.821965330772994,0.461491899883465,-1.314374012437859,-1.4439970564933513,-1.3219631139815038,-1.0354728370910415,-0.8656090290800661,-0.3030340112145449,0.15082482193642505,1.5635585357144868,-0.9378951002738093,-2.069336452092241,-0.5762246329857078,-2.039351155034003,0.21504297887526638,-1.0815268759951673,0.11443794872232575,-0.700510617173243,-0.45801485942742826,-0.29488862388803183,-0.022463092145550742,0.6745825015480995,-0.06394563550358834,1.8903191501513186,0.15469384772612368,-0.3934951612122031,1.2954240913182682,-4.9580825547353475,1.7683548533398195,6.592527015529675,-1.0200298654066497,0.14119171229208305,2.218830477879156,1.825025148920896,3.543265370872405,0.9000404937427353,0.019001257031459266,0.08446065016043547,-0.09559245536098611,-2.390462288330012,1.9675399908530866,-0.6651079565518492,-0.14643660722240265,-0.30180583775536224,1.221286399204427,0.025278488731630445,-1.3411919917576343,-0.40322295704699834,0.0825863164670492
ICT59,1.6949870677840218,0.24054410109777924,0.6809697614473464,0.6809697614473464,1.77211470727705,3.435970130746415,1.823050711396625,0.6227522840030097,-0.5845917621197909,0.37964782418767706,0.08836237227816458,1.572256303324786,-0.36311479748809705,-3.748857399442572,0.39286944038595034,-2.775818902873293,-2.0666640973950248,91.29709374764349,-3.004095792412913,0.26774885109290064,1.1204396229205373,-0.303792300739754,0.19299806502448894,-0.48451659567012545,-5.367541304797675,-3.945450001754856,-2.5914538547389396,-2.168049891128496,-0.4366631626111845,1.0436386531465203,-2.433500406648774,6.103311103809103,1.8681757238596757,-2.112051736790824,-3.5070869952014414,-0.16925606990444483,-0.15283679933848981,0.8513951409421067,3.971591674882375,1.5625611146866274,0.49143434659365953,0.38998796692474835,-6.418369537127475,1.243962834843461,-0.7902657980565484,0.5094329630393699,1.4451443308278824,3.6706334750475142,-1.1819547391471477,-4.2597366628148405,3.3980637912326657,4.718625539655688,0.7490219233480886,-2.0790048327659183,5.139191430609667,6.258472616760231,3.1978364324904387,-0.000755908304749631,0.3139808558216348,-0.5387496397931407,3.1577355220154253,0.2445973433539907,1.1808245641577328,0.5585822235766554,2.1210204117976446,3.8061303099977506,1.5528254898504983,-0.8199620769154619,0.9263270482722092,0.7190167757098416
ICT60,-0.23451701178751264,0.3174856223616409,0.23061947177683953,0.23061947177683953,0.26179790766719907,-0.09483186807453346,0.11681557965496814,0.1805470165285707,1.4420568523185584,0.08692912265608055,-0.005918552173898191,-0.0021471026250538317,2.083541410460384,-0.8811692993517408,-0.2374824912397798,-0.14054762746762225,3.790421469249763,-3.004095792412913,4.7670161122897206,-0.04174739664923596,5.905927581425583,1.403304587693779,0.23387226455422755,0.13231880368789298,-2.5838425643150233,0.4048148321590794,0.4901767055698304,0.03293069680544198,0.17932073556118333,-0.06025496695473468,0.6131059030057672,-1.0126426864009836,-0.2634006514933108,0.04047117009123943,-0.518267070659737,0.0708746265504055,-0.24095501779330467,0.3849604475424097,0.2425288164889475,-0.061428625265604726,-0.007201386872616187,0.22448205821751246,-0.2618819527647945,-0.5551986989668501,1.353947116938843,0.39249452590917794,0.30455979268435424,0.06252764797311373,-1.2032232330644037,1.9041700097522196,2.7976671569328837,-0.1918457107838406,0.22442046227829243,0.5900754177606152,0.6206738680796196,0.7925817948895804,1.4251079787294785,-0.008405782977324623,0.03135062434055156,0.5133396933025357,-0.7638617181515218,-0.7265737624588364,0.29553302024222833,0.07303273045576847,0.023777916542451396,-1.048443945223115,-0.16652013969878376,-0.15405805995824234,-0.18904627089103934,-0.04756890174892239
ICT61,0.17593239176142067,0.2668700154803494,-0.034885195588715466,-0.034885195588715466,0.04607992154330839,0.10109687802940029,0.008708061027403773,0.08604915572010056,-0.006299217685443331,-0.01680929009538006,-0.004750686216950595,0.21653818429464444,-0.6003446171327629,0.08589798597997556,-0.04282397134089321,-0.1441125133156658,0.41115093689221727,0.26774885109290064,-0.04174739664923596,0.7058794026282412,-0.6811627528635753,0.42321440138722216,0.004478695334363679,-0.02501602341783331,-0.016393447259131097,-0.09195357704567542,-0.21235931951182097,-0.042356032856615024,-0.07817444625591935,-0.13986925689603202,-0.14642226781092307,-0.1522263173836898,-0.2825387236357385,0.011090207085210956,-0.03371724954757329,-0.05405628310681006,0.06124436007577752,-0.08241560796915563,-0.00948674080782696,0.04797394479902941,-0.10830955453769739,-0.008970399952401576,-0.10640032927914837,0.013449106180356732,-0.42703947147992316,-0.2684992766601085,-0.134521058904271,-0.15460151561067653,0.10394402213016228,-0.2850888094312465,-0.0585398150514197,0.10517690035010856,-0.016740295012870637,0.11651367691864649,0.051961148567397336,0.13719873364777435,0.18631806584566804,-0.0060452291816067375,0.05734068664064605,-0.030130363334195158,-0.12609197427894936,0.3326217202539094,-0.10013264714094566,0.03954827323110784,-0.2523359009702557,0.38951443769904626,-0.15206371073976774,-0.0927672640522614,-0.04390752860333365,0.0018873742523357146
ICT62,0.19134923521979183,0.7833898692605142,0.7598894123666814,0.7598894123666814,7.233987968944231,-1.4949240156844799,1.4542803009022358,0.21182282612347297,4.089569686092964,-0.2846628041749671,0.12401728297523325,-0.9094679447971638,8.266576002904808,-4.236698868819742,-4.009762605313654,2.316694136551342,10.610502247396006,1.1204396229205373,5.905927581425583,-0.6811627528635753,48.148709833086144,-2.3606527812900278,0.19003842496144285,-1.63570718869171,-5.244694902723327,0.23290830124739853,-0.18889725897722623,-0.37233403991606173,0.8278297322533354,-0.27629956352819546,1.5852540643808433,-1.2970672807460968,1.2690653738068347,0.9409710075052755,-1.808708713704622,-0.8833069626836756,-0.6959604273404787,0.66929729643191,-0.8800325310747682,0.032921076746961854,-0.48929217898532923,0.08429774471602053,-3.1036367478608637,-0.34804995504989,2.6411962015923063,0.8042242158839912,0.8402331376998415,-0.4046506926027897,1.5805746992441774,-2.093868706787444,11.203840030092955,-0.5720058367909249,0.984258721787906,1.159615089197224,-1.0267620192610394,5.071791137885655,7.244079445016054,0.01722642301310459,-0.30939388672348567,-0.528985739129464,1.8580339415522524,2.702254941728829,-1.727824050574925,-0.5565699741595235,0.07562290697509544,-6.345037137913472,2.1395259552230734,1.0399844087619623,0.06853161109018424,-0.15953247785864272
ICT63,1.1570730758336587,2.2923214061456987,0.1823695797846702,0.1823695797846702,1.057720350978252,0.1990467676637066,-0.8970218643748294,-0.45762238159195445,-0.2511383653055708,0.5212636416195732,0.01641367240777037,-0.05585563403723951,-2.7896308823929767,-4.81723836055733,-1.7205681037619212,-0.39091369756465827,5.821965330772994,-0.303792300739754,1.403304587693779,0.42321440138722216,-2.3606527812900278,44.324872774002394,-1.9579371072292777,-1.181812515622902,1.9570944933115064,-0.38455531032141904,-3.6577005246009233,-2.768347452671627,-0.6408044738455891,-0.6457641880618483,-0.40846288396348945,1.3278253223867056,-1.9628940619147612,-0.7915868476813448,-1.3259553249104268,-0.01657650164704514,-0.4385498320216969,-0.11848241078636487,-2.1468468628931916,0.18567448154573377,-0.09425238773581318,-0.6100096594381123,1.7230309009716807,-0.02405756680966477,1.197394725538511,-0.17725651261076197,-2.449331111876445,3.9145496888297777,4.231061759610013,3.7019530836866075,2.0854471763823996,0.9075970568471403,-0.052617777782787506,1.796699067456048,2.077858142728785,1.480047680695582,0.21464398667218523,0.053024355642981205,0.5282866706419204,-0.1480364004227282,0.5577448309680075,3.2262442452957734,-0.4497838429865796,0.3168236021322447,0.16438489312130738,4.240875242550909,-2.5926006074117365,0.11918967602858538,-0.25468701921618225,0.03956017765305424
MFG10,0.1542201326472778,-0.059618005292614885,0.06203079643655131,0.06203079643655131,-0.012671354184261864,0.055552613312037216,0.04838080664815006,-0.010423642047126027,0.22565322168825366,-0.008400909193679739,-0.006535122044172326,-0.1576005752356276,-0.5984490963836447,-0.7658381327549459,0.7923927407573,-0.49306767904203613,0.461491899883465,0.19299806502448894,0.23387226455422755,0.004478695334363679,0.19003842496144285,-1.9579371072292777,1.7235240291679095,1.216587032063527,-2.178055973110249,0.3873211711796411,0.3076050277691619,0.003965245073195903,0.007341004611034987,0.01222675349118719,-0.012330870409112894,-0.004939321631972837,-0.2529643007601603,-0.09712224432660384,-0.008856119557782623,0.10145452273812829,0.06667669440010585,-0.0950865650678619,-0.06935522240161755,-0.3100601328020272,0.011904242380906163,-0.05933348737795443,0.15874539998972192,0.08417090394824753,0.13055212620421855,-0.5197046870536052,-0.09187729132978163,-1.1530152597022012,-0.035964869020234456,0.43172643094553353,-0.18061314418173297,-0.8785619613161654,0.5519207366207222,-0.5070873309970224,0.17326418963901305,-0.20701051015362273,-0.5088453776993048,-0.013739982955827134,-0.048477627558562546,0.473155081936964,-0.3058419659799818,-0.056042786942655395,0.3888761210096291,0.11615702823964108,-0.3537579570584151,-0.9625951921420985,0.32048238138977997,-0.19182532911464845,-0.05975283948411953,-0.0018019168513508054
MFG11,0.6765308580801007,0.2103103756490516,-0.33298433007671163,-0.33298433007671163,-0.5473210619262828,0.06989758777013726,-0.21299778465561578,-0.4601268649783531,0.04305673891187424,-0.08250240875037104,-0.007896218173392082,-0.05442621515897914,-2.388426420619677,1.2639334175996637,0.4672486173863694,-1.0936684507369414,-1.314374012437859,-0.48451659567012545,0.13231880368789298,-0.02501602341783331,-1.63570718869171,-1.181812515622902,1.216587032063527,6.79764343989228,-0.665291614431652,1.8305416105387047,-1.5974797154712523,1.0889069619341754,0.8398297401588827,-0.2837750113705475,0.32898017363927706,-0.4243225788841459,0.6099440510047808,0.5673752794984874,0.8265431073907508,0.2280523442523374,0.24756929939177366,-0.11444394807358263,-0.3713873894560543,-0.17074981284333016,0.1594146243511608,0.10361898572039681,0.23724030146050418,0.19276518188449698,0.399683350661037,0.17611227002950228,-0.26307693079899436,0.1309439499235147,4.7492181063541095,4.152725365115325,-2.089074096199685,0.4999678609653656,-0.2780836723346115,-1.155888855767254,0.9721533562336179,-1.1566857811680014,-0.018709979548956257,-0.03771860854255165,-0.006631327773407088,1.2362109846903209,1.5655945907529625,0.03787598854569597,1.0073695727957253,0.36481517526073737,-0.41652839241527506,-0.32348609678716356,2.275421478608949,0.6124143845693695,-0.26406509840756337,-0.26209596090616283
MFG12,-1.344845270947824,-0.44694860646678203,0.01196665014971749,0.01196665014971749,-2.9158303163501484,-1.2969768521108254,-0.6406198067266946,-1.5011803763176614,-1.6439027272491307,0.29400110507358196,-0.002465485276731754,-0.6086660013845602,-9.281907018386283,1.216666660955512,-2.219856896134854,3.2000256920344006,-1.4439970564933513,-5.367541304797675,-2.5838425643150233,-0.016393447259131097,-5.244694902723327,1.9570944933115064,-2.178055973110249,-0.665291614431652,39.17552093548353,1.6059164847003158,-1.5898376995872836,0.6503060301052153,-0.2653307839537295,-0.1858077537609414,1.8273027775641417,-2.0307129450893657,-2.3651388680188323,1.6561880874250654,1.9707180086869895,0.9587904778204782,0.44772163206204035,-0.587949527575993,-2.516941060340726,0.7536511865240823,0.10226677960235461,0.03907571798254566,3.804233513379454,0.3622056798122288,0.14979308775158243,2.879107021732606,-2.389985328272644,8.698753300174989,7.32791067115131,-4.343293032033148,-6.140498602059547,0.8913116296022331,-1.9759734169711358,0.6144379164603337,-2.520841517006435,-1.8542531259630552,-2.970651218848478,0.05766616737704295,0.017066169532018637,-0.9117202178831736,2.002810597182179,-2.1413646622985967,-1.0966803549849296,-0.301566506639708,-0.34591941107041546,0.07776560278472214,0.8228063327600347,2.357524479156788,-0.318675092905221,-0.9927858646375509
MFG13,0.468674599018531,0.02595684787297162,0.1859683505184541,0.1859683505184541,0.10025710323010469,-0.216286715294067,-0.42556267267519465,-0.45505258025604556,0.25312529459035943,-0.04615545809112541,-0.07265195594905466,0.11553973520415785,-0.807166688997843,2.552870671707004,-0.3256607135865146,-0.17476038618864012,-1.3219631139815038,-3.945450001754856,0.4048148321590794,-0.09195357704567542,0.23290830124739853,-0.38455531032141904,0.3873211711796411,1.8305416105387047,1.6059164847003158,5.269109776905006,1.0040701769751699,1.163855711809547,0.8266516489506418,-0.20056439106027033,1.3713755011721585,-1.5745742888900973,0.561511320965094,0.9560231512982809,2.598984910236523,0.07078079384801185,0.8209366313636531,0.2972299576591775,0.13634997431054482,0.03757270070366163,0.1991851066148466,0.3013403316226153,2.8238421998298553,-0.11830134945559737,1.3924313066120844,1.0231875287422694,0.06891992712850528,-1.1270586918010916,3.7378745441567784,2.297177692787733,-1.8639921588633543,0.30261729025394346,1.1176806980697396,-0.826017599213606,0.5720157590981444,-0.3470644131807639,0.009690034064740328,0.013705707019206212,0.011469339375756898,0.6459102550448874,0.8889818002704235,0.5470075703889322,0.5772858368336464,0.18165626937525906,-0.1673626219515635,-0.20839246552618026,1.5902018990722364,1.3961592048482239,-0.097587067761235,-0.3297910403052796
MFG14,1.2693042315377958,0.1642553827201429,0.28367540365861976,0.28367540365861976,2.08868804983821,-0.27343566692436116,0.18417747960859618,0.2302265899265798,-0.12780428557353124,0.2488885132177177,-0.05066109651712306,-0.2676352832493012,1.6224005652690408,1.1593564350472594,0.48219817859006947,-0.48998931672323026,-1.0354728370910415,-2.5914538547389396,0.4901767055698304,-0.21235931951182097,-0.18889725897722623,-3.6577005246009233,0.3076050277691619,-1.5974797154712523,-1.5898376995872836,1.0040701769751699,18.130067994628284,-0.32035141366532305,-0.13347883226442164,0.012933600191564113,0.6418637303120281,-0.7485703189520898,1.0715768807694577,-0.07958176140554417,1.2087373667773738,-0.09772060438576342,0.5022286706920711,0.617399123928546,1.00347472711618,-0.49155191974979767,0.3417507385274644,0.36058515680007835,2.092709750860827,-0.3367779748847288,1.2227899709503842,2.8787351396863174,-0.4967157395105018,-3.1792228012857144,0.7422883919215693,-0.8062623355535792,1.1490116131641326,0.19044194321431965,3.1909049939228997,-0.4537837082061032,-0.14870778525486386,-0.21130593430358882,1.863611159542656,0.003799975610294516,0.0987845789360403,1.614699639955578,0.19880059618164717,2.5824668883165844,1.5886972019257395,0.523527861460451,-0.19738508892634918,-1.8256374920883636,0.5417765321182747,0.6404613704969571,-0.11518205484627088,0.1041598141592094
MFG15,0.3067083251865192,-0.03197730477951786,-0.13745198677547418,-0.13745198677547418,0.723208239602743,0.19471152609886558,-0.42086710202057226,-0.2014052029736827,-1.3138555387609856,-0.09693982157957506,-0.02483221184889272,0.5583023153062395,1.1312521112440865,0.9737925226582131,0.21017703996421844,-0.35449032128213376,-0.8656090290800661,-2.168049891128496,0.03293069680544198,-0.042356032856615024,-0.37233403991606173,-2.768347452671627,0.003965245073195903,1.0889069619341754,0.6503060301052153,1.163855711809547,-0.32035141366532305,7.083243181499719,0.850001744292037,0.008105987744906923,0.7205254964249467,-1.6636604440878202,1.2304901974827511,0.11822785292696453,1.3624875568114878,0.21781315531543582,0.18590087962855567,-0.03654606324636744,0.029242829621383255,0.41590869294110283,0.04760132875688136,0.3667282324161237,1.5628717197233646,0.26644439607272524,1.3662920148589028,0.7266326701380637,0.0344544246265886,-0.13033093077977362,3.7749518314726154,0.3756001441660414,-0.46571951985910526,0.9821478973290402,-0.12733847175890825,0.09574512114005074,-0.22679975099856653,-0.16954475831695973,-0.7214481286814469,-0.007799794341842709,-0.1556415037180082,-0.24977672046469246,0.45735591095319794,1.4736935610997977,-0.5898044095264683,-0.1922190496395737,0.007821590871970784,-0.26123511467184407,0.08452987386010798,0.20502332314622831,-0.07931251012319383,0.08926445053866115
MFG16,0.3917516466088054,0.10096300030271457,-0.03725319162786778,-0.03725319162786778,0.037295392521552256,0.1824942865063711,-0.22129330485223328,-0.09389348301371467,0.02768535818299886,0.04193350010941227,0.019576359221184527,-0.28481343375414275,-0.12273443902731235,0.8778533298844966,-0.1565630777462791,-0.257892625925942,-0.3030340112145449,-0.4366631626111845,0.17932073556118333,-0.07817444625591935,0.8278297322533354,-0.6408044738455891,0.007341004611034987,0.8398297401588827,-0.2653307839537295,0.8266516489506418,-0.13347883226442164,0.850001744292037,2.4395784666532934,0.09456128960486858,0.08607701553929116,0.10015379424552932,1.0005331425746842,-0.16437244457543762,0.8765538312972426,0.034501524679277175,0.5308257876413718,0.1938106080944094,0.11806976249693013,0.289983998126088,0.07624236745875644,0.22787586868601425,0.0001474293012412554,-0.0010267984797244756,0.7933429084690665,0.6888117062871609,-0.13180955640727549,-0.6342071321373788,-0.25511556975684835,1.3425859257328114,-0.7544546030141165,0.09177946259309666,0.33319558014281364,-0.35350568858712134,0.13223673540867836,-0.7125134474105513,0.7533496819251958,-0.011827561829690775,-0.07073056684012609,0.57490813365491,1.1359470814933526,0.20097373972576477,0.46899671641923346,0.09744875825696503,0.05048451183260081,-1.0144065974061893,0.8172634313531957,0.779501068836098,0.0011846528462872484,-0.07772538464409706
MFG17,0.007318570516120536,-0.15990607240251442,0.0942900230411048,0.0942900230411048,0.425598722502158,-0.03295146681655756,-0.04381723355152297,0.1731676797793249,-0.18411781924709852,0.013795717376512782,0.006706297804478341,0.07168725852325392,-0.4091781083924221,0.5649296283295351,-0.01475476824448627,0.040043494756997006,0.15082482193642505,1.0436386531465203,-0.06025496695473468,-0.13986925689603202,-0.27629956352819546,-0.6457641880618483,0.01222675349118719,-0.2837750113705475,-0.1858077537609414,-0.20056439106027033,0.012933600191564113,0.008105987744906923,0.09456128960486858,1.255408444693646,0.020711783436744905,0.039752158355286435,0.049614468829988115,0.2573846620183577,0.009060832058074408,-0.062156324852318055,0.07478829698339766,-0.03557989769498265,0.5718807910282607,0.01821173139735798,0.04706095126150842,0.013526825131924564,-0.07173150439173617,0.11693015061524388,0.2151008956016399,0.03752120800279163,0.13164707239420947,-0.25935834195240415,0.6153485309202997,-1.1164957738734722,-0.45267299160947494,0.3121634173456484,0.17419231051775105,0.2359727775835204,0.19742978486509913,-0.038612276140591366,0.1381368790680623,-0.011817609313452474,0.042452226715482676,-0.022960356722102816,-0.25304951352344546,0.46450284761932026,-0.3275146405680214,-0.01727247444030232,0.22038012595389753,0.3716379248884885,-0.7843108701295309,0.011016592273836596,0.15589004678136528,-0.009401701680249718
MFG18,0.7359713323060679,0.05029342385866162,-0.07435850695222017,-0.07435850695222017,0.23402718046168527,-0.053478682072896036,-0.05297108681225347,-0.32657602094314436,-0.7135197997214586,-0.05284747663567456,0.0047683911151550585,0.02854709517676316,0.3394391453609108,1.7263228821497243,0.25780291055732313,-0.48374912945091475,1.5635585357144868,-2.433500406648774,0.6131059030057672,-0.14642226781092307,1.5852540643808433,-0.40846288396348945,-0.012330870409112894,0.32898017363927706,1.8273027775641417,1.3713755011721585,0.6418637303120281,0.7205254964249467,0.08607701553929116,0.020711783436744905,5.434298264080476,-0.9989501982397876,-0.3242619574368499,-0.22384117429174905,1.0673902995487308,0.09309313178840616,0.0616146078947006,-0.1077515985603102,-0.20292137399920465,-0.142998314096333,0.02236294405599325,0.04906574850276688,1.9427788958454466,-0.06826841749627119,1.0788638662841077,0.9170993914464397,-0.2671461638643572,1.694577474362658,0.6244038017996888,-0.06104389572515933,1.7892304076399255,-0.2700846244158101,0.3309035103754354,0.08453302536866641,-0.16863801283370766,1.883870411982941,-0.7914173905023083,-0.009461384075390196,0.06797764378745043,0.2595698729525383,0.26896213511998296,-0.6137567820374994,0.19154570110099403,-0.105682569022018,0.0024415824529993315,0.38074931054818095,1.8449953183060983,0.242055604417552,-0.18913449063956767,-0.003972058714766584
MFG19,-0.5763553979850519,-0.7424949537931016,0.2150111380020564,0.2150111380020564,-1.9113322533363146,2.150799578188731,0.13296734745002553,0.275201625394079,-0.934895209557251,-0.09344785878079548,0.1657420692272669,-0.4599591008229999,0.65082939051096,0.35267487923242935,-1.3084763019428123,1.4845063124086781,-0.9378951002738093,6.103311103809103,-1.0126426864009836,-0.1522263173836898,-1.2970672807460968,1.3278253223867056,-0.004939321631972837,-0.4243225788841459,-2.0307129450893657,-1.5745742888900973,-0.7485703189520898,-1.6636604440878202,0.10015379424552932,0.039752158355286435,-0.9989501982397876,18.14132006698857,1.0815250051048,-1.1897894993709541,-0.2917319254979642,0.4352513815002838,0.5032797801600891,0.06274187050975834,0.7644507225717311,-0.3301439558132358,0.2567304629519462,0.1610132580035774,-1.748088991585177,-0.06400495362042974,-2.043611892454324,-0.8533282542919213,1.0049705069524706,-1.8846076377395278,-5.1857194116924195,0.15848010922217776,-1.0596433137378667,-1.2215574798075726,-0.8273849599427363,-0.45652810288091,0.10197072885816251,-0.7297244905575584,-0.6565601858842366,0.003590285562169128,0.004007948781448583,1.3798901149098797,1.8999393560116367,-7.301477010885139,2.195308737629775,0.5650415886416427,-0.7745372252445648,-1.3858491620117666,0.0049855544381080885,-0.39721803280749907,-0.21262494167008672,-0.005733226283856302
MFG20,0.15954187773762446,-0.37754918519089503,0.10564937444331991,0.10564937444331991,0.3446960788403066,0.5647286896914895,0.2323567710195638,0.2624847119374358,0.4502541993469569,-0.38981666163421846,0.026024800030607087,0.18042946333876875,0.3686226444332557,0.6491571000537633,-0.24292058549605858,0.1813326827362211,-2.069336452092241,1.8681757238596757,-0.2634006514933108,-0.2825387236357385,1.2690653738068347,-1.9628940619147612,-0.2529643007601603,0.6099440510047808,-2.3651388680188323,0.561511320965094,1.0715768807694577,1.2304901974827511,1.0005331425746842,0.049614468829988115,-0.3242619574368499,1.0815250051048,7.458821232630567,0.460706167807909,1.042278189658456,0.12316041245206089,0.9020026262707581,-0.08007581595432443,1.3031087779719537,-0.04658340737827428,-0.18940625980577955,0.28526390036835275,-0.4334297110227874,0.062452874698212375,0.6882742553734645,-0.04349250049370086,0.3526996160269427,0.6486491487162301,0.5756678319364356,0.4862612657805442,-0.07214213547673255,0.7424576659462769,-0.3341018015247777,-0.3220840126521832,0.6603224597303766,-1.0427415874080865,1.0259179862868912,0.036253391709404746,-0.15618293575504583,0.25326546331732086,1.7212945686584813,0.03273429367870568,1.0082319081646416,-0.03779509844608796,0.739260404029528,-1.4086661735266557,0.48232946319865283,0.6369948757017622,0.17791262761767926,0.2715368817809118
MFG21,-0.619731044336908,-0.12167238603463641,-0.07874547182644243,-0.07874547182644243,0.2825030052849734,-0.3467423850600973,-0.07282946858160207,-0.17616405010126954,-0.3332856727286728,-0.06376636455205036,0.016538898211463506,-0.004678228684300447,-1.5141512941184048,1.2043569206928288,-0.677198964383645,0.4065890494876482,-0.5762246329857078,-2.112051736790824,0.04047117009123943,0.011090207085210956,0.9409710075052755,-0.7915868476813448,-0.09712224432660384,0.5673752794984874,1.6561880874250654,0.9560231512982809,-0.07958176140554417,0.11822785292696453,-0.16437244457543762,0.2573846620183577,-0.22384117429174905,-1.1897894993709541,0.460706167807909,3.9872387564097753,0.8864656379535687,0.08152298281264303,0.42077028193506133,0.02939612152756253,0.38679678111590127,-0.10306436481289549,0.08740710479937282,0.09683190283644864,0.6991941466030815,-0.1115346850684786,0.6291197495272715,1.141998764063483,0.07131878387229794,-1.4825377578234273,0.17162071409907792,-0.8365309925043983,-0.7920769199408841,0.5087873446442355,-0.1210587031625628,0.07041604430505323,-0.42720177839918033,0.016466629312853247,-0.23259090861417334,-0.005398142507852167,0.09129335890851162,-0.06098584776489071,0.47248548973900134,-1.0847197971521414,-0.4756451156432273,0.1551753058239136,-0.25640145523368363,-0.4771951407834849,-0.24672897013942321,0.5532462952139681,0.1556043684042204,0.05810249797535584
MFG22,0.3585572773482139,-0.11204538897199726,-0.0457619639621104,-0.0457619639621104,-0.10157643766002236,0.28442783940580435,-0.08502859127484805,-0.12807971442877392,-0.07097340193128418,-0.19826357550107268,-0.014607597898944951,-0.3364982955616935,-1.3223976602875667,2.5270530189366083,-0.10122605329049408,-0.2979450747822171,-2.039351155034003,-3.5070869952014414,-0.518267070659737,-0.03371724954757329,-1.808708713704622,-1.3259553249104268,-0.008856119557782623,0.8265431073907508,1.9707180086869895,2.598984910236523,1.2087373667773738,1.3624875568114878,0.8765538312972426,0.009060832058074408,1.0673902995487308,-0.2917319254979642,1.042278189658456,0.8864656379535687,3.742495261608318,0.15696075147608343,1.185914970175894,0.17511899156304708,0.48948591540760267,0.2059159985663084,0.1797542294868676,0.2881787178943026,4.592808599064369,0.03236520980256364,1.6082973159778373,0.6353166410464418,-0.6812373974343875,0.2026472911901641,2.947649417747226,0.7391296935876919,-2.17875434401662,-0.4913740572211659,0.8475348579104472,-0.46868087278517717,-0.16429993361194734,-0.9178593938264864,0.38539285898686604,0.0028923647078321546,0.013379928704303413,0.4955619688521939,0.8674082377213003,-0.487957928615351,0.3705917335924231,-0.08847587962707885,-0.09371384662081174,-0.8751176398066035,0.6493199882978274,1.541470083127027,0.07608343799221023,-0.10457278373258193
MFG23,0.027547722187780906,-0.19066077759679334,-0.004926868083892302,-0.004926868083892302,-0.43384328757914914,0.4295598275968187,0.04373859585032812,0.20756226477338482,0.08786624501702738,0.22752950964052146,-0.011906932480969464,0.0760694962413837,-0.23999707229526127,-0.9332273950480866,-0.09941676823414332,0.19007172095543673,0.21504297887526638,-0.16925606990444483,0.0708746265504055,-0.05405628310681006,-0.8833069626836756,-0.01657650164704514,0.10145452273812829,0.2280523442523374,0.9587904778204782,0.07078079384801185,-0.09772060438576342,0.21781315531543582,0.034501524679277175,-0.062156324852318055,0.09309313178840616,0.4352513815002838,0.12316041245206089,0.08152298281264303,0.15696075147608343,1.090164966345778,0.10327862602425578,0.041615005911102815,-0.03496619422604046,-0.26904289343641835,0.08002733650989412,0.09650349793414498,0.5207960054833666,-0.02991113580154126,0.392764482403539,0.006747024320804313,-0.044945247873666314,-0.2314639336690395,-0.5106179647531917,1.3048397719526672,-0.06802961889314378,-0.1923668481594775,-0.03732747185055851,-0.15189767742958737,0.3287131119892782,0.047826863117238556,-0.4959484310813306,0.0002911751030973863,-0.03408872589987833,0.2649435604329801,-0.2534773999022729,-0.8087421942754253,0.2483694084744778,0.14283642566739116,-0.2310548832609695,-0.7881643549925852,0.7178077857145001,0.04527162749133959,-0.02160173230353475,-0.071799585608865
MFG24,0.3218777027255107,-0.09166756183445801,-0.007258125247693148,-0.007258125247693148,-0.306136666670724,0.22816353100752057,-0.10780760349576708,0.05539025467219362,0.22489525908285168,-0.09227797268737806,-0.03375142720254949,-0.09127519928898145,-0.5098383204529467,0.8688188005535592,0.01446031921188488,-0.31371714201477846,-1.0815268759951673,-0.15283679933848981,-0.24095501779330467,0.06124436007577752,-0.6959604273404787,-0.4385498320216969,0.06667669440010585,0.24756929939177366,0.44772163206204035,0.8209366313636531,0.5022286706920711,0.18590087962855567,0.5308257876413718,0.07478829698339766,0.0616146078947006,0.5032797801600891,0.9020026262707581,0.42077028193506133,1.185914970175894,0.10327862602425578,1.6010414044400014,0.031201526697528605,0.44238797916937495,0.08355380939967678,0.06908548962339031,0.124130401483667,0.34188605420344026,-0.016456479456958537,0.2927331294998565,0.41551001546259997,-0.37249170051824354,-0.3981790260116119,1.186188999165005,0.034969909117475405,-0.8393985300443555,-0.2466493926953766,0.1467277068057459,-0.24946195478010974,-0.22898782811493237,-0.8384166641292989,0.4105324963900554,-0.023898243167661842,0.0014074209711296838,0.3879706985630405,0.5419824565627318,0.2232492945513,0.1937857569576343,0.09860389984342607,-0.0488280458542494,-0.3672650923603958,0.37420262074554467,0.3942198438897347,0.052410057705545035,0.0054098190212834
MFG25,-0.12150609175743474,0.045927001290044546,0.014303849423247523,0.014303849423247523,-0.29489697132571524,0.16161269223088628,0.019612049479868172,0.15082811962439935,0.23875828769679788,0.14085872188341983,-0.00025502824657025653,-0.0910048495017564,1.058760508331315,-0.3546453174265781,0.07044846485131248,-0.18417193182317987,0.11443794872232575,0.8513951409421067,0.3849604475424097,-0.08241560796915563,0.66929729643191,-0.11848241078636487,-0.0950865650678619,-0.11444394807358263,-0.587949527575993,0.2972299576591775,0.617399123928546,-0.03654606324636744,0.1938106080944094,-0.03557989769498265,-0.1077515985603102,0.06274187050975834,-0.08007581595432443,0.02939612152756253,0.17511899156304708,0.041615005911102815,0.031201526697528605,1.0800767360267431,0.2357876654065876,-0.12357211103168866,0.13288227936418795,0.012592805245938156,0.6160428150765722,-0.11432356441552363,0.5778387570986909,0.15118876231911468,0.10343742604051284,0.0186278912402489,-2.143392049232105,0.7331859279862959,0.3534912565580103,0.12956066295570443,0.23127316936264594,-0.15875228936506441,0.04872728839515961,0.019177829457768074,0.5756124282937162,-0.0026650238399919153,0.0031808021426286076,0.10425231609574183,-0.4094783471951169,0.22814659695383474,0.1723602430050135,0.178596633018526,0.28170780102121173,0.43585890858867143,0.6150006542426952,0.27208400304138564,0.0535265213653621,-0.04503870198118769
MFG26,-0.3148510528436715,-0.5217854992203075,0.133000613470165,0.133000613470165,-0.3775755002964493,0.02121919357160339,-0.015061609154605863,-0.004220876259220194,0.3520421913131776,-0.2040353611095422,-0.028908198700379643,0.5181303093646477,-0.04185012592529085,2.046961089750497,-0.5327985990753034,-0.3150550303078215,-0.700510617173243,3.971591674882375,0.2425288164889475,-0.00948674080782696,-0.8800325310747682,-2.1468468628931916,-0.06935522240161755,-0.3713873894560543,-2.516941060340726,0.13634997431054482,1.00347472711618,0.029242829621383255,0.11806976249693013,0.5718807910282607,-0.20292137399920465,0.7644507225717311,1.3031087779719537,0.38679678111590127,0.48948591540760267,-0.03496619422604046,0.44238797916937495,0.2357876654065876,5.162309987642373,0.13028902007466334,0.34087038357584615,0.04766769121294791,-1.3786397468994946,-0.10863782004317324,0.8793917744240053,0.00976156068639829,-0.041955213577328634,-1.5713184633759543,0.6409849383643913,-0.6879202340916908,-0.7485106095862823,0.1479220438257758,0.44322731254755854,-0.17446313877540565,0.7604161044298097,-0.037999621814769804,-0.03630125270047221,0.004269248189259695,0.03330108051337552,-0.12438599968132404,-0.2194656615351646,-0.38130813348837506,0.2581675063883947,0.20107805892095304,0.42767735645903737,-0.5759328091447857,-0.8678309570566412,-0.2195858059769926,0.3604435011570488,0.2707554722862369
MFG27,0.3163463088717763,0.1574307615012748,-0.004938732390549102,-0.004938732390549102,0.26897621185821696,0.18611306107739325,-0.10098835616456593,-0.22856581465307277,-0.05311832522629412,0.02030244429780797,0.00846245627671683,-0.09306983112796378,0.023052287543524567,-0.2645181894422253,-0.7128410776658121,0.12548161751372172,-0.45801485942742826,1.5625611146866274,-0.061428625265604726,0.04797394479902941,0.032921076746961854,0.18567448154573377,-0.3100601328020272,-0.17074981284333016,0.7536511865240823,0.03757270070366163,-0.49155191974979767,0.41590869294110283,0.289983998126088,0.01821173139735798,-0.142998314096333,-0.3301439558132358,-0.04658340737827428,-0.10306436481289549,0.2059159985663084,-0.26904289343641835,0.08355380939967678,-0.12357211103168866,0.13028902007466334,1.5955718974342503,0.10690216133514678,0.20094680243510005,-0.19242515729288867,0.08653086630165212,-0.2386536109100879,0.16777936991442602,0.08388450970220301,0.7900643667171408,0.6138096469555209,-1.091232206243402,0.18985184554239076,0.16500589749519548,0.18813927709794873,0.07029461149141795,-0.023980953180130896,0.3311272783567378,0.2588861817198744,0.006268645568232248,0.002845568849654516,-0.4161980716264201,0.5735479909730564,0.3729058628164295,-0.13035083151950444,-0.2535194907443422,0.07050011894730972,0.5574417703866087,-0.5625124687545344,0.1777367908423444,0.25263969500654304,0.018992761971780295
MFG28,-0.1128948468238581,-0.009622066907186238,-0.024909006900238662,-0.024909006900238662,-0.43616276332701076,0.30041048376869384,0.01993891545761162,0.021289286330650605,-0.02211346560352696,0.14922510910402237,0.008163499579192357,0.02910776058471052,0.06319198546025842,0.37143157185396203,-0.18236950833310936,0.04217785988355419,-0.29488862388803183,0.49143434659365953,-0.007201386872616187,-0.10830955453769739,-0.48929217898532923,-0.09425238773581318,0.011904242380906163,0.1594146243511608,0.10226677960235461,0.1991851066148466,0.3417507385274644,0.04760132875688136,0.07624236745875644,0.04706095126150842,0.02236294405599325,0.2567304629519462,-0.18940625980577955,0.08740710479937282,0.1797542294868676,0.08002733650989412,0.06908548962339031,0.13288227936418795,0.34087038357584615,0.10690216133514678,0.7027163871033014,0.07118356418484341,0.34721326548512566,0.03591919335017571,0.27882600511892675,0.22325093484118538,-0.09660877429405462,-0.18156899900066403,-0.15377997726140483,0.12344224291047264,-0.14000716516021536,-0.048484799111239506,0.27844010293961596,-0.04758974153454266,0.24320322371646536,0.019358328145777995,-0.015504177159530019,0.011398596149863953,-0.018617598156092957,0.0743497891947854,0.07233919262990417,-0.11246186185237944,0.18682199136007072,0.06204371366531332,-0.11308689729607677,-0.2786566501346206,0.01583832977072475,-0.049573495076925295,0.12253391250563989,0.024938018355452552
MFG29,-0.08339958869087462,0.06888196180574299,-0.0682058559077428,-0.0682058559077428,-0.01547827860724481,0.12209062681101503,-0.05046965343489188,-0.11048324950753022,-0.28810467759600683,0.04435222962370626,0.011664292260456264,0.10814696071079398,0.2167240977855498,0.6315858703269986,-0.13603518044803656,-0.07381691709628466,-0.022463092145550742,0.38998796692474835,0.22448205821751246,-0.008970399952401576,0.08429774471602053,-0.6100096594381123,-0.05933348737795443,0.10361898572039681,0.03907571798254566,0.3013403316226153,0.36058515680007835,0.3667282324161237,0.22787586868601425,0.013526825131924564,0.04906574850276688,0.1610132580035774,0.28526390036835275,0.09683190283644864,0.2881787178943026,0.09650349793414498,0.124130401483667,0.012592805245938156,0.04766769121294791,0.20094680243510005,0.07118356418484341,0.6157654162516512,0.2175195153834049,0.001447398597818373,0.38137465327742276,0.365751304510076,0.2949041439801987,-0.42334515349799823,-0.18886575324492302,-0.17744208666346953,-0.24060323886635823,0.026457325803797664,0.1594648552404679,-0.10010933295627106,-0.01400790036864544,-0.09677925944235634,0.30296779347497366,0.009632325059794647,0.009054664997668656,0.05613097471106287,0.25883480566899003,-0.14280729041671267,-0.02313153835785665,0.027245084341503648,0.06364240626132421,-0.6992651587703128,-0.07966298436179738,0.16683504440916974,0.04266269809759922,0.0041589068137228204
MFG30,-0.6830176022260904,0.153785714258,-0.27819101538741253,-0.27819101538741253,0.24454442824962866,1.4768702619514098,0.719819648668329,0.6137233014002496,-0.5626697632399416,-0.0027570087305423176,-0.09131317212474806,-0.13977120746386568,-2.037301074104246,3.815141566912624,-0.6947688968545258,-0.6034007409674379,0.6745825015480995,-6.418369537127475,-0.2618819527647945,-0.10640032927914837,-3.1036367478608637,1.7230309009716807,0.15874539998972192,0.23724030146050418,3.804233513379454,2.8238421998298553,2.092709750860827,1.5628717197233646,0.0001474293012412554,-0.07173150439173617,1.9427788958454466,-1.748088991585177,-0.4334297110227874,0.6991941466030815,4.592808599064369,0.5207960054833666,0.34188605420344026,0.6160428150765722,-1.3786397468994946,-0.19242515729288867,0.34721326548512566,0.2175195153834049,22.157834688452066,0.5576552254039596,5.452752243510773,1.4519598561651548,-0.15720690397868692,-0.054857264782677856,1.4124577205622035,3.7743227815890803,-0.04363247885325533,-1.0456534574330063,1.3984642752444891,0.6895681576575416,0.7735828505685888,-0.14012042275932665,1.0630519829837437,0.014702829650186221,0.41649774919841676,0.2087166573212026,-1.3682863126639961,0.031213249602883616,-0.2735026574384201,-0.21230248589896625,-0.1402828835235823,-1.923397076066416,-0.14200253430773868,4.101588820188736,-0.5158210989366453,-0.5386137086074585
MFG31,0.023454326536775517,-0.1321929015740013,-0.00965775339221598,-0.00965775339221598,0.30717820611353636,0.27330849286403974,-0.06644494879611831,-0.14907537657294595,-0.1368065689854453,-0.05160028822618476,0.012135759317016725,-0.0032307445862595004,-0.525891309720329,-0.08518994613521974,-0.011346164570134164,0.018442238367524465,-0.06394563550358834,1.243962834843461,-0.5551986989668501,0.013449106180356732,-0.34804995504989,-0.02405756680966477,0.08417090394824753,0.19276518188449698,0.3622056798122288,-0.11830134945559737,-0.3367779748847288,0.26644439607272524,-0.0010267984797244756,0.11693015061524388,-0.06826841749627119,-0.06400495362042974,0.062452874698212375,-0.1115346850684786,0.03236520980256364,-0.02991113580154126,-0.016456479456958537,-0.11432356441552363,-0.10863782004317324,0.08653086630165212,0.03591919335017571,0.001447398597818373,0.5576552254039596,1.1089295583588439,0.007053182796674925,-0.6510663170095851,0.09261259075644108,0.36819159790391265,-0.02366838693557352,-0.18840339423557462,-0.17717259193313833,0.1657499445486723,-0.09838194132805266,-0.04025423748939877,0.1326143866280917,-0.18354643580527266,0.014462164976045003,0.01670537064597258,-0.011941360577992317,-0.2889581320198804,0.5152537997635692,1.128882925120391,-0.4525103825903577,-0.07187169647091364,0.18847860034652222,0.017372021678598554,-0.02751080870352076,0.07360281025354115,0.11756780366977623,0.02713638885773216
MFG32,-0.5877414026081286,-0.06303299773075197,-0.020420748652521456,-0.020420748652521456,1.0132672356180779,0.06768918342407265,0.2643506932267682,0.19742441524404744,0.7408074289768243,0.02802154693097737,-0.05620034918342876,-0.13681378262600838,2.1855670930782267,1.6575018600056468,0.27524535201092154,-0.3434066753948528,1.8903191501513186,-0.7902657980565484,1.353947116938843,-0.42703947147992316,2.6411962015923063,1.197394725538511,0.13055212620421855,0.399683350661037,0.14979308775158243,1.3924313066120844,1.2227899709503842,1.3662920148589028,0.7933429084690665,0.2151008956016399,1.0788638662841077,-2.043611892454324,0.6882742553734645,0.6291197495272715,1.6082973159778373,0.392764482403539,0.2927331294998565,0.5778387570986909,0.8793917744240053,-0.2386536109100879,0.27882600511892675,0.38137465327742276,5.452752243510773,0.007053182796674925,11.497611736268269,2.5333848711822604,0.07022776950526426,2.47705433219442,0.41804198066905396,1.4499516194686266,0.955747001338688,0.2327470251312871,0.4134485498103371,0.35421929754177567,1.4564935389566054,-0.5178677909778652,2.1805054644670547,0.009545712102278068,0.0739677205859813,0.2416856596688124,1.1247336390821838,0.044596443148038976,-0.6769912411593222,0.33275459080281294,0.5717668695414094,-1.0506768169848577,-0.16667642274091352,1.9572085751149308,-0.12729481636477782,0.1976547916011667
MFG33,0.7908245209821012,0.5042168046044864,-0.22231071828521495,-0.22231071828521495,0.3063497692758671,-0.36610289424821346,0.08111989051476874,0.21338307012364457,-1.0398361797926887,0.16910564873648984,0.006884488972801461,0.04136705646643952,0.5990629217731952,3.4439563193535045,-0.2967209252130349,-0.5348801840371903,0.15469384772612368,0.5094329630393699,0.39249452590917794,-0.2684992766601085,0.8042242158839912,-0.17725651261076197,-0.5197046870536052,0.17611227002950228,2.879107021732606,1.0231875287422694,2.8787351396863174,0.7266326701380637,0.6888117062871609,0.03752120800279163,0.9170993914464397,-0.8533282542919213,-0.04349250049370086,1.141998764063483,0.6353166410464418,0.006747024320804313,0.41551001546259997,0.15118876231911468,0.00976156068639829,0.16777936991442602,0.22325093484118538,0.365751304510076,1.4519598561651548,-0.6510663170095851,2.5333848711822604,10.90540652222087,-0.915400001631052,1.036228138012667,-2.7007613467081013,0.748588225299406,1.0860371078675908,0.5809486698689765,1.2016857734211097,-0.37098952895880466,-0.13765576164592833,0.7178198390614685,0.5492747657137486,-0.028961764809014034,0.023631745322105303,0.8194626194223597,1.221753844385156,-0.9118899314358038,0.744851249410243,0.3215089144533982,-0.35999704199113,-1.099583620597521,1.949167216348642,1.0076351128921588,0.031646339526008344,0.08257452738089302
MFG34,-0.6272453212759812,-0.3437325282101242,0.2505777715290941,0.2505777715290941,0.25020740012424175,0.33663642773546176,0.03829757858659796,0.15598614501168134,-0.1435569980341606,-0.06412607941294318,0.04427761305984696,0.3290341346178327,2.6459430877953625,-0.8338301072092422,-0.40499930914663645,0.36908326912127526,-0.3934951612122031,1.4451443308278824,0.30455979268435424,-0.134521058904271,0.8402331376998415,-2.449331111876445,-0.09187729132978163,-0.26307693079899436,-2.389985328272644,0.06891992712850528,-0.4967157395105018,0.0344544246265886,-0.13180955640727549,0.13164707239420947,-0.2671461638643572,1.0049705069524706,0.3526996160269427,0.07131878387229794,-0.6812373974343875,-0.044945247873666314,-0.37249170051824354,0.10343742604051284,-0.041955213577328634,0.08388450970220301,-0.09660877429405462,0.2949041439801987,-0.15720690397868692,0.09261259075644108,0.07022776950526426,-0.915400001631052,5.251999158412248,-0.3299512604809562,-3.6627800705751046,0.07329620770559735,0.9505604017950984,0.6942621830009854,-0.5799798430607053,0.30767849542667164,0.0342643977442939,0.20478557361372846,0.826552471916767,0.02358640426492683,-0.028721910643066742,-0.16095809671146663,0.32494297312274006,-0.4181221905658448,0.02051264469016933,-0.18859805446520383,0.28583113274464694,-0.5216741848888572,-1.1839140352330484,-0.014234675540392169,-0.1044204246209446,0.06674098245993478
MIN1,0.46869691743544617,0.9601750980446623,-0.006932308655327855,-0.006932308655327855,-2.1950696747288845,0.11886991019764907,0.8654213305849745,-0.06830541190554713,1.9503505688977827,0.09043421366253265,-0.05624110157023146,-0.5550592616087245,-2.9039376511274324,0.7394230280609551,-1.1169074185422785,0.46775615970393614,1.2954240913182682,3.6706334750475142,0.06252764797311373,-0.15460151561067653,-0.4046506926027897,3.9145496888297777,-1.1530152597022012,0.1309439499235147,8.698753300174989,-1.1270586918010916,-3.1792228012857144,-0.13033093077977362,-0.6342071321373788,-0.25935834195240415,1.694577474362658,-1.8846076377395278,0.6486491487162301,-1.4825377578234273,0.2026472911901641,-0.2314639336690395,-0.3981790260116119,0.0186278912402489,-1.5713184633759543,0.7900643667171408,-0.18156899900066403,-0.42334515349799823,-0.054857264782677856,0.36819159790391265,2.47705433219442,1.036228138012667,-0.3299512604809562,33.977377372942236,-7.545345048258022,0.7979257336084625,-0.12078687210034333,0.32216816911930785,-0.8341907289760769,0.30282846794333296,1.2200339850881479,0.33091893774405745,2.076564675504968,-0.031146081274117974,0.03912486111282786,-1.2275833100311153,0.6133239803853913,-1.8877672283890108,0.041574402501479674,0.09158376333664808,0.8480060434804676,2.3506251683043877,-0.017837001803749565,-0.04610636468390254,-0.2143245474081145,0.1187035727847341
MIN2,1.3580090175046562,0.22608068801630365,0.8587901469206982,0.8587901469206982,3.1303749672887435,-1.3262290880769865,-0.34067279920099985,1.7495026809563279,2.350165357105957,-0.6888360307979313,-0.09154404216778084,-0.1843407091606728,-3.3914658251379515,0.8346614885577164,0.16673231604750044,2.7573947348847128,-4.9580825547353475,-1.1819547391471477,-1.2032232330644037,0.10394402213016228,1.5805746992441774,4.231061759610013,-0.035964869020234456,4.7492181063541095,7.32791067115131,3.7378745441567784,0.7422883919215693,3.7749518314726154,-0.25511556975684835,0.6153485309202997,0.6244038017996888,-5.1857194116924195,0.5756678319364356,0.17162071409907792,2.947649417747226,-0.5106179647531917,1.186188999165005,-2.143392049232105,0.6409849383643913,0.6138096469555209,-0.15377997726140483,-0.18886575324492302,1.4124577205622035,-0.02366838693557352,0.41804198066905396,-2.7007613467081013,-3.6627800705751046,-7.545345048258022,139.15147589098223,-0.360264782321223,-3.119206522060946,4.374225517461906,-0.13481005809278562,-0.2957934069549674,-0.4366849808295202,0.7721436273300492,0.3185898506505398,0.051519456765157574,0.046414844540091905,0.8535423762291694,1.823951513656845,-2.4924800254388715,0.03411697383962274,-1.4709142130340052,1.2650942668808765,4.208305659470555,-1.3583807160365329,3.580055252729468,-0.4529560472544853,-0.43692838273209605
MIN3,2.2073730383418733,0.04183966190178515,0.12746409690556107,0.12746409690556107,-1.1452316683240318,2.097095958461514,0.33652206101407267,0.7377486898697885,2.9597891811203745,0.10113632428317774,-0.115794673737712,0.1893979771671112,-0.9662709346884205,-3.8144218214406216,0.7738590669481697,-1.2494902273073505,1.7683548533398195,-4.2597366628148405,1.9041700097522196,-0.2850888094312465,-2.093868706787444,3.7019530836866075,0.43172643094553353,4.152725365115325,-4.343293032033148,2.297177692787733,-0.8062623355535792,0.3756001441660414,1.3425859257328114,-1.1164957738734722,-0.06104389572515933,0.15848010922217776,0.4862612657805442,-0.8365309925043983,0.7391296935876919,1.3048397719526672,0.034969909117475405,0.7331859279862959,-0.6879202340916908,-1.091232206243402,0.12344224291047264,-0.17744208666346953,3.7743227815890803,-0.18840339423557462,1.4499516194686266,0.748588225299406,0.07329620770559735,0.7979257336084625,-0.360264782321223,32.205555800891304,1.9339556569130771,-1.9209427181048602,0.5438890386916904,-0.17283331276230773,3.794735302676326,2.072311839653832,-1.1807707142868409,-0.001906730421048301,0.16739997757140124,2.2557860942518633,-2.562932788030513,-0.019153554703199856,3.179680287435285,0.8914016083886181,0.13207975007064326,-0.01636357331140619,7.176572204347005,-0.9720490012763399,-0.6507018040300366,0.04463308043493406
PER94,0.5797505254294502,0.4500364672762141,0.28377944158792867,0.28377944158792867,2.7983333175135963,0.3092304832621963,0.7549960573385314,0.9023826500813369,1.233632614411904,0.009292216704532147,0.03088222976345615,0.37931831447504344,7.808696694326527,-6.203913004622573,0.04811198211186335,-0.7866088033409184,6.592527015529675,3.3980637912326657,2.7976671569328837,-0.0585398150514197,11.203840030092955,2.0854471763823996,-0.18061314418173297,-2.089074096199685,-6.140498602059547,-1.8639921588633543,1.1490116131641326,-0.46571951985910526,-0.7544546030141165,-0.45267299160947494,1.7892304076399255,-1.0596433137378667,-0.07214213547673255,-0.7920769199408841,-2.17875434401662,-0.06802961889314378,-0.8393985300443555,0.3534912565580103,-0.7485106095862823,0.18985184554239076,-0.14000716516021536,-0.24060323886635823,-0.04363247885325533,-0.17717259193313833,0.955747001338688,1.0860371078675908,0.9505604017950984,-0.12078687210034333,-3.119206522060946,1.9339556569130771,15.441067854252564,0.032945807164271576,-0.15774112672236001,2.415741211841507,0.31301595965115064,6.281661050480476,1.8050869597968304,0.0007419053406279655,-0.06437373154151114,-0.6110253223407003,-1.8977921287532733,1.3743831539800386,-0.09105492913828692,-0.2006693155696863,0.3693575346501431,1.828843434799882,1.5167217753793827,-1.3113291367303779,0.2684475076301563,0.3909780542057241
PER95,0.1705611855021136,0.6455764737768822,0.09901983292688873,0.09901983292688873,0.6168184763583908,0.18642141679942326,-0.5114955471539261,-0.11398860340191999,-0.10581894477541184,0.08949623602986026,-0.018279297706114403,0.6575580260967816,0.1338085897039525,1.47182814621576,0.6791565851732938,-0.6683851266899913,-1.0200298654066497,4.718625539655688,-0.1918457107838406,0.10517690035010856,-0.5720058367909249,0.9075970568471403,-0.8785619613161654,0.4999678609653656,0.8913116296022331,0.30261729025394346,0.19044194321431965,0.9821478973290402,0.09177946259309666,0.3121634173456484,-0.2700846244158101,-1.2215574798075726,0.7424576659462769,0.5087873446442355,-0.4913740572211659,-0.1923668481594775,-0.2466493926953766,0.12956066295570443,0.1479220438257758,0.16500589749519548,-0.048484799111239506,0.026457325803797664,-1.0456534574330063,0.1657499445486723,0.2327470251312871,0.5809486698689765,0.6942621830009854,0.32216816911930785,4.374225517461906,-1.9209427181048602,0.032945807164271576,6.455724809627139,-0.566200577256428,0.37413921333830275,0.41193685600742874,0.15896152005072844,2.229494270847138,-0.006255053450165347,0.005459113056592131,0.059032710289923976,-0.26882014900010587,2.0821179248880317,-0.43237985618972846,0.17423026789896898,0.9266730269654765,3.9432107352474945,-0.7756825546985398,0.3905879741795569,0.10200699794534301,0.0319165049850319
PER96,1.7479306255821492,0.7580058457915141,0.005431070081181881,0.005431070081181881,1.4075654247205696,0.3278147489228747,0.4487318606912407,0.3314654117026718,0.13944699982699027,0.2013613525232122,0.013205999895315219,-0.15616685563921767,0.21440912685764552,-0.6209885455702703,-0.17431394307384004,-0.2646785303182352,0.14119171229208305,0.7490219233480886,0.22442046227829243,-0.016740295012870637,0.984258721787906,-0.052617777782787506,0.5519207366207222,-0.2780836723346115,-1.9759734169711358,1.1176806980697396,3.1909049939228997,-0.12733847175890825,0.33319558014281364,0.17419231051775105,0.3309035103754354,-0.8273849599427363,-0.3341018015247777,-0.1210587031625628,0.8475348579104472,-0.03732747185055851,0.1467277068057459,0.23127316936264594,0.44322731254755854,0.18813927709794873,0.27844010293961596,0.1594648552404679,1.3984642752444891,-0.09838194132805266,0.4134485498103371,1.2016857734211097,-0.5799798430607053,-0.8341907289760769,-0.13481005809278562,0.5438890386916904,-0.15774112672236001,-0.566200577256428,3.79241293002493,-0.679319154030311,0.6058724130590311,1.2392217873324896,0.3989112308625107,0.011554073180746501,0.08217986100491673,0.8260976738208073,-0.633352102072109,2.074894231162682,0.7438975722527267,0.02810325370721453,-0.04046276017638314,-0.8586006027834191,0.8311164542899191,0.6022992848347611,0.24233463341351819,-0.03908814736884711
PRO70,-0.21561618653876105,0.16708712522558308,0.15554985953463352,0.15554985953463352,0.6847912781877945,-0.13378054955084828,0.20613762662165208,0.239948401843637,-0.17561943100280294,0.021181344509906344,0.0011641991830396855,0.2502130213946676,0.6690303093458815,-0.24443513400595648,-0.02182169121894214,0.08577201002925211,2.218830477879156,-2.0790048327659183,0.5900754177606152,0.11651367691864649,1.159615089197224,1.796699067456048,-0.5070873309970224,-1.155888855767254,0.6144379164603337,-0.826017599213606,-0.4537837082061032,0.09574512114005074,-0.35350568858712134,0.2359727775835204,0.08453302536866641,-0.45652810288091,-0.3220840126521832,0.07041604430505323,-0.46868087278517717,-0.15189767742958737,-0.24946195478010974,-0.15875228936506441,-0.17446313877540565,0.07029461149141795,-0.04758974153454266,-0.10010933295627106,0.6895681576575416,-0.04025423748939877,0.35421929754177567,-0.37098952895880466,0.30767849542667164,0.30282846794333296,-0.2957934069549674,-0.17283331276230773,2.415741211841507,0.37413921333830275,-0.679319154030311,2.531050814704149,-0.2929637777772734,1.268426209605581,-0.06750774097337903,0.000825104726278479,0.06698255777660757,-0.5502599419613002,-0.6947612275687494,-0.06243896866986078,-0.6131842979995875,-0.09574434147171934,-0.000145027145703725,1.5315569050622495,-1.5716699468536228,-0.32914890776457556,0.08974738892478884,0.23479463117089697
PRO71,0.6865632819456344,0.2861599929189558,0.21320399798195713,0.21320399798195713,-0.4433490841552138,1.0394410868780148,0.16309534542391452,0.39644872302515455,1.8611811004448249,0.1615387966803351,-0.06094721344529903,0.5889287498342192,-0.4890584442453648,-1.865077287230343,0.6718109498936329,-0.831901539506176,1.825025148920896,5.139191430609667,0.6206738680796196,0.051961148567397336,-1.0267620192610394,2.077858142728785,0.17326418963901305,0.9721533562336179,-2.520841517006435,0.5720157590981444,-0.14870778525486386,-0.22679975099856653,0.13223673540867836,0.19742978486509913,-0.16863801283370766,0.10197072885816251,0.6603224597303766,-0.42720177839918033,-0.16429993361194734,0.3287131119892782,-0.22898782811493237,0.04872728839515961,0.7604161044298097,-0.023980953180130896,0.24320322371646536,-0.01400790036864544,0.7735828505685888,0.1326143866280917,1.4564935389566054,-0.13765576164592833,0.0342643977442939,1.2200339850881479,-0.4366849808295202,3.794735302676326,0.31301595965115064,0.41193685600742874,0.6058724130590311,-0.2929637777772734,5.280349169651841,1.644664273941998,-0.9281631163070357,0.04208459704079154,0.027610161105826998,0.6091817735201062,-0.27454085426706976,0.7955425789955615,1.0281310902171623,0.3453139579035084,0.4844845065270926,1.1098839187634195,1.198969532194853,-0.4549511251701393,-0.1676828286710599,0.09704141273473195
PRO72,0.5961476842656881,0.41715977607306787,0.19319699613476093,0.19319699613476093,1.7103339236404866,0.0966059302430419,1.1876647297531975,0.8131632795670509,0.38345800554970183,0.33473038893920165,0.09689383227217283,1.3648526600406172,3.5900581281681396,-3.785404862182689,0.4443485392821626,-0.02917914447958376,3.543265370872405,6.258472616760231,0.7925817948895804,0.13719873364777435,5.071791137885655,1.480047680695582,-0.20701051015362273,-1.1566857811680014,-1.8542531259630552,-0.3470644131807639,-0.21130593430358882,-0.16954475831695973,-0.7125134474105513,-0.038612276140591366,1.883870411982941,-0.7297244905575584,-1.0427415874080865,0.016466629312853247,-0.9178593938264864,0.047826863117238556,-0.8384166641292989,0.019177829457768074,-0.037999621814769804,0.3311272783567378,0.019358328145777995,-0.09677925944235634,-0.14012042275932665,-0.18354643580527266,-0.5178677909778652,0.7178198390614685,0.20478557361372846,0.33091893774405745,0.7721436273300492,2.072311839653832,6.281661050480476,0.15896152005072844,1.2392217873324896,1.268426209605581,1.644664273941998,11.617193508975301,-1.6207637502765022,0.037102961271431395,0.07695276047539268,-0.1708224492296445,-2.3564302053218382,-0.3096087171373808,0.15827815165621667,0.05582587742130011,0.13922922454811376,1.9946269453122891,3.634864495953668,-0.033502956343898244,0.18818681369810886,0.2323299761374503
PRO73,-0.015927163257606864,0.48591487363234653,0.3514563268066166,0.3514563268066166,2.928675726496609,0.4345338101959087,0.6977644037982605,0.36693110133133006,1.5640698266438011,-0.25739649975275536,-0.012553615307653,-0.2250739908813991,3.2832508796530675,2.99374111286119,-0.8803860730401731,-0.3303482177624549,0.9000404937427353,3.1978364324904387,1.4251079787294785,0.18631806584566804,7.244079445016054,0.21464398667218523,-0.5088453776993048,-0.018709979548956257,-2.970651218848478,0.009690034064740328,1.863611159542656,-0.7214481286814469,0.7533496819251958,0.1381368790680623,-0.7914173905023083,-0.6565601858842366,1.0259179862868912,-0.23259090861417334,0.38539285898686604,-0.4959484310813306,0.4105324963900554,0.5756124282937162,-0.03630125270047221,0.2588861817198744,-0.015504177159530019,0.30296779347497366,1.0630519829837437,0.014462164976045003,2.1805054644670547,0.5492747657137486,0.826552471916767,2.076564675504968,0.3185898506505398,-1.1807707142868409,1.8050869597968304,2.229494270847138,0.3989112308625107,-0.06750774097337903,-0.9281631163070357,-1.6207637502765022,14.159791162868013,-0.06335218139316263,0.02716250767220022,0.5251450064784117,0.3290961533944498,1.4879505624949774,-0.25830257826892683,0.12908699034228144,1.3071838610923066,0.6653010546693615,-0.9436380789477773,0.8872411475811857,0.06045426978538588,-0.19149491773179547
PUB,-0.022888963388973487,-0.010041476257666732,0.00777935782001076,0.00777935782001076,-0.023025374998065645,0.017067123812371163,0.0027494851310389326,-0.01418941638813572,0.03327937247847985,0.0007932510578096219,0.003545139998224899,-0.010693820329996257,-0.0225159197901186,-0.005350332055702466,0.002574550370698584,0.017185584999169636,0.019001257031459266,-0.000755908304749631,-0.008405782977324623,-0.0060452291816067375,0.01722642301310459,0.053024355642981205,-0.013739982955827134,-0.03771860854255165,0.05766616737704295,0.013705707019206212,0.003799975610294516,-0.007799794341842709,-0.011827561829690775,-0.011817609313452474,-0.009461384075390196,0.003590285562169128,0.036253391709404746,-0.005398142507852167,0.0028923647078321546,0.0002911751030973863,-0.023898243167661842,-0.0026650238399919153,0.004269248189259695,0.006268645568232248,0.011398596149863953,0.009632325059794647,0.014702829650186221,0.01670537064597258,0.009545712102278068,-0.028961764809014034,0.02358640426492683,-0.031146081274117974,0.051519456765157574,-0.001906730421048301,0.0007419053406279655,-0.006255053450165347,0.011554073180746501,0.000825104726278479,0.04208459704079154,0.037102961271431395,-0.06335218139316263,0.012144928161943137,0.00036158233853538435,-0.025449970658441404,-0.002661718621002524,-0.019272156113464594,0.005034639743607967,-0.033013488393349305,0.0010670179175035024,-0.09080271133524542,0.034945969826882785,-0.009438270763626822,0.006129743034308577,0.007936148035365404
RE68,0.010014041460030272,0.09082956540862248,-0.027094738043202234,-0.027094738043202234,0.09606932885963308,0.02674215883607695,0.04196159782411429,-0.03489985739419591,-0.12893232659972273,0.028120181757511818,-0.0064433143274142705,-0.05198919951354856,-0.2745271821373269,0.10294504914301184,-0.055968981706087204,-0.10116456194888186,0.08446065016043547,0.3139808558216348,0.03135062434055156,0.05734068664064605,-0.30939388672348567,0.5282866706419204,-0.048477627558562546,-0.006631327773407088,0.017066169532018637,0.011469339375756898,0.0987845789360403,-0.1556415037180082,-0.07073056684012609,0.042452226715482676,0.06797764378745043,0.004007948781448583,-0.15618293575504583,0.09129335890851162,0.013379928704303413,-0.03408872589987833,0.0014074209711296838,0.0031808021426286076,0.03330108051337552,0.002845568849654516,-0.018617598156092957,0.009054664997668656,0.41649774919841676,-0.011941360577992317,0.0739677205859813,0.023631745322105303,-0.028721910643066742,0.03912486111282786,0.046414844540091905,0.16739997757140124,-0.06437373154151114,0.005459113056592131,0.08217986100491673,0.06698255777660757,0.027610161105826998,0.07695276047539268,0.02716250767220022,0.00036158233853538435,0.13604223683424957,0.05064699466009665,0.010469909231917537,-0.04467261628936487,-0.0023784483523367145,0.010648962345855755,0.032212341307484404,0.23111800811148275,-0.1050261176329466,-0.009779779354899393,-0.06657764069787328,-0.06441012292551106
TRN49,1.0194286505708465,0.3040092818517386,0.037064454116143404,0.037064454116143404,0.05282060476481592,0.15791740071535418,0.0011327594520469445,0.28718584159215094,1.0590105826258753,-0.09073773819552969,0.00782291847508951,-0.12657688796594166,-1.3011479597681872,-0.3861297699913877,0.4061437347112744,-0.48754513824790163,-0.09559245536098611,-0.5387496397931407,0.5133396933025357,-0.030130363334195158,-0.528985739129464,-0.1480364004227282,0.473155081936964,1.2362109846903209,-0.9117202178831736,0.6459102550448874,1.614699639955578,-0.24977672046469246,0.57490813365491,-0.022960356722102816,0.2595698729525383,1.3798901149098797,0.25326546331732086,-0.06098584776489071,0.4955619688521939,0.2649435604329801,0.3879706985630405,0.10425231609574183,-0.12438599968132404,-0.4161980716264201,0.0743497891947854,0.05613097471106287,0.2087166573212026,-0.2889581320198804,0.2416856596688124,0.8194626194223597,-0.16095809671146663,-1.2275833100311153,0.8535423762291694,2.2557860942518633,-0.6110253223407003,0.059032710289923976,0.8260976738208073,-0.5502599419613002,0.6091817735201062,-0.1708224492296445,0.5251450064784117,-0.025449970658441404,0.05064699466009665,3.0125488110716367,0.5368828707203586,-0.6964296591037168,1.8533354562225761,0.1319648355802226,-0.18721468035547828,-0.21495981055511798,2.0419116328309608,0.41340237646888295,-0.32247669611858826,-0.09626152454435323
TRN50,0.1914305348868849,-0.03263881809690949,-0.25400123046101186,-0.25400123046101186,1.7201703422224555,-0.594383035113555,-0.5156748476634762,-1.3197082427622493,0.2667434149251851,-0.20859465662344165,0.05352275076220417,-1.115179232398611,-0.5124087754555438,3.980698816813482,-0.9024193551653487,0.1844555459792553,-2.390462288330012,3.1577355220154253,-0.7638617181515218,-0.12609197427894936,1.8580339415522524,0.5577448309680075,-0.3058419659799818,1.5655945907529625,2.002810597182179,0.8889818002704235,0.19880059618164717,0.45735591095319794,1.1359470814933526,-0.25304951352344546,0.26896213511998296,1.8999393560116367,1.7212945686584813,0.47248548973900134,0.8674082377213003,-0.2534773999022729,0.5419824565627318,-0.4094783471951169,-0.2194656615351646,0.5735479909730564,0.07233919262990417,0.25883480566899003,-1.3682863126639961,0.5152537997635692,1.1247336390821838,1.221753844385156,0.32494297312274006,0.6133239803853913,1.823951513656845,-2.562932788030513,-1.8977921287532733,-0.26882014900010587,-0.633352102072109,-0.6947612275687494,-0.27454085426706976,-2.3564302053218382,0.3290961533944498,-0.002661718621002524,0.010469909231917537,0.5368828707203586,15.035078390231202,-2.01286579049917,0.8712118308543152,0.1582391437731397,0.14010088381899383,-2.4667502537338906,0.6609720527248537,1.0855175577606997,-0.1803807381109064,-0.08983810420141541
TRN51,4.855206843879888,1.2995381435768427,-0.27651119164960775,-0.27651119164960775,6.103511730284797,0.6265896591847316,-0.8965020552505261,-0.37461163748456344,0.7631557416968568,0.11311548450906658,-0.254518306741315,1.6286242446979833,1.0453288609055826,-1.7147924129682262,0.5401961390991781,-2.224433592271212,1.9675399908530866,0.2445973433539907,-0.7265737624588364,0.3326217202539094,2.702254941728829,3.2262442452957734,-0.056042786942655395,0.03787598854569597,-2.1413646622985967,0.5470075703889322,2.5824668883165844,1.4736935610997977,0.20097373972576477,0.46450284761932026,-0.6137567820374994,-7.301477010885139,0.03273429367870568,-1.0847197971521414,-0.487957928615351,-0.8087421942754253,0.2232492945513,0.22814659695383474,-0.38130813348837506,0.3729058628164295,-0.11246186185237944,-0.14280729041671267,0.031213249602883616,1.128882925120391,0.044596443148038976,-0.9118899314358038,-0.4181221905658448,-1.8877672283890108,-2.4924800254388715,-0.019153554703199856,1.3743831539800386,2.0821179248880317,2.074894231162682,-0.06243896866986078,0.7955425789955615,-0.3096087171373808,1.4879505624949774,-0.019272156113464594,-0.04467261628936487,-0.6964296591037168,-2.01286579049917,30.37465778616196,-2.4981593184039617,0.6236842534020358,0.6701561774854471,2.428022165521584,-1.9958799118711505,-1.509094854648415,0.29833744352645536,0.11987846761010831
TRN52,0.6253870952900691,-0.010431683545612244,0.13981430782440277,0.13981430782440277,-0.3557462716344488,0.014583996387278038,0.28754228923691066,0.4278971692357944,0.989458198034649,-0.06534759422613226,0.02893329429973808,-0.22528404362191373,0.3091065871997855,-1.8254369706569904,-0.47547615199539073,-0.14451238080324474,-0.6651079565518492,1.1808245641577328,0.29553302024222833,-0.10013264714094566,-1.727824050574925,-0.4497838429865796,0.3888761210096291,1.0073695727957253,-1.0966803549849296,0.5772858368336464,1.5886972019257395,-0.5898044095264683,0.46899671641923346,-0.3275146405680214,0.19154570110099403,2.195308737629775,1.0082319081646416,-0.4756451156432273,0.3705917335924231,0.2483694084744778,0.1937857569576343,0.1723602430050135,0.2581675063883947,-0.13035083151950444,0.18682199136007072,-0.02313153835785665,-0.2735026574384201,-0.4525103825903577,-0.6769912411593222,0.744851249410243,0.02051264469016933,0.041574402501479674,0.03411697383962274,3.179680287435285,-0.09105492913828692,-0.43237985618972846,0.7438975722527267,-0.6131842979995875,1.0281310902171623,0.15827815165621667,-0.25830257826892683,0.005034639743607967,-0.0023784483523367145,1.8533354562225761,0.8712118308543152,-2.4981593184039617,4.634536800892125,0.20937417251342275,-0.15578393384087777,0.1954424197376487,2.5673266644314277,-0.09228349107695305,-0.38445762635939973,-0.08198341727068159
UTL35,-0.08587058728192559,-0.02938588691089503,-0.037997331289836074,-0.037997331289836074,0.03973494884295965,-0.07103553074116588,0.10542544697997076,-0.035660031210748074,-0.5191186538327107,0.06905254667818533,-0.029700189163314177,0.10865031595381203,0.0655573850692321,-0.2588875693256953,0.17589106467606364,-0.30811142062541397,-0.14643660722240265,0.5585822235766554,0.07303273045576847,0.03954827323110784,-0.5565699741595235,0.3168236021322447,0.11615702823964108,0.36481517526073737,-0.301566506639708,0.18165626937525906,0.523527861460451,-0.1922190496395737,0.09744875825696503,-0.01727247444030232,-0.105682569022018,0.5650415886416427,-0.03779509844608796,0.1551753058239136,-0.08847587962707885,0.14283642566739116,0.09860389984342607,0.178596633018526,0.20107805892095304,-0.2535194907443422,0.06204371366531332,0.027245084341503648,-0.21230248589896625,-0.07187169647091364,0.33275459080281294,0.3215089144533982,-0.18859805446520383,0.09158376333664808,-1.4709142130340052,0.8914016083886181,-0.2006693155696863,0.17423026789896898,0.02810325370721453,-0.09574434147171934,0.3453139579035084,0.05582587742130011,0.12908699034228144,-0.033013488393349305,0.010648962345855755,0.1319648355802226,0.1582391437731397,0.6236842534020358,0.20937417251342275,1.466958979053962,0.27858998555712133,0.06651828230717007,0.08687654431354491,-0.07496882822191966,-0.08325503287074754,-0.032888514090360366
UTL36,-0.05497760340105179,0.2283635171173977,0.1262889593342837,0.1262889593342837,0.06821500018645947,0.36775124766646555,0.24125428005922558,-0.10111140595094145,0.3337931249394535,-0.027825352410061944,-0.0036707426518449862,0.023165964262135554,0.8876165970451921,0.20352207532959057,0.5502271203489695,-0.17666131191382112,-0.30180583775536224,2.1210204117976446,0.023777916542451396,-0.2523359009702557,0.07562290697509544,0.16438489312130738,-0.3537579570584151,-0.41652839241527506,-0.34591941107041546,-0.1673626219515635,-0.19738508892634918,0.007821590871970784,0.05048451183260081,0.22038012595389753,0.0024415824529993315,-0.7745372252445648,0.739260404029528,-0.25640145523368363,-0.09371384662081174,-0.2310548832609695,-0.0488280458542494,0.28170780102121173,0.42767735645903737,0.07050011894730972,-0.11308689729607677,0.06364240626132421,-0.1402828835235823,0.18847860034652222,0.5717668695414094,-0.35999704199113,0.28583113274464694,0.8480060434804676,1.2650942668808765,0.13207975007064326,0.3693575346501431,0.9266730269654765,-0.04046276017638314,-0.000145027145703725,0.4844845065270926,0.13922922454811376,1.3071838610923066,0.0010670179175035024,0.032212341307484404,-0.18721468035547828,0.14010088381899383,0.6701561774854471,-0.15578393384087777,0.27858998555712133,2.7203092028961837,1.636359027092958,0.05450737495342511,0.3413643676215512,0.08332885803992732,-0.021765199058827595
UTL37,1.4763273017466012,1.0752922930837445,0.08419604226049504,0.08419604226049504,0.7014342810947757,0.28205912781371706,-0.6714150033385052,0.23909097164757506,0.7028121873086218,0.14052004111806873,-0.08074763168480356,0.44664222399336573,0.5175152610361073,-1.3553560857546836,0.6988516906656006,-1.3946912692408535,1.221286399204427,3.8061303099977506,-1.048443945223115,0.38951443769904626,-6.345037137913472,4.240875242550909,-0.9625951921420985,-0.32348609678716356,0.07776560278472214,-0.20839246552618026,-1.8256374920883636,-0.26123511467184407,-1.0144065974061893,0.3716379248884885,0.38074931054818095,-1.3858491620117666,-1.4086661735266557,-0.4771951407834849,-0.8751176398066035,-0.7881643549925852,-0.3672650923603958,0.43585890858867143,-0.5759328091447857,0.5574417703866087,-0.2786566501346206,-0.6992651587703128,-1.923397076066416,0.017372021678598554,-1.0506768169848577,-1.099583620597521,-0.5216741848888572,2.3506251683043877,4.208305659470555,-0.01636357331140619,1.828843434799882,3.9432107352474945,-0.8586006027834191,1.5315569050622495,1.1098839187634195,1.9946269453122891,0.6653010546693615,-0.09080271133524542,0.23111800811148275,-0.21495981055511798,-2.4667502537338906,2.428022165521584,0.1954424197376487,0.06651828230717007,1.636359027092958,21.479948883757167,0.1648137104111882,-0.596000990777322,0.3032046329178312,-0.01721269188320853
UTL38,1.450642708474684,0.4229048776669327,0.08448649433305053,0.08448649433305053,-0.45240500093411784,0.2559177377566517,0.33931070993913176,-0.3261371133592434,1.9459845403575875,0.022452661124504187,0.07148093529523686,0.3180947536137723,0.3584453238496382,-2.369133602331229,1.5375250605848156,-0.5012697323771251,0.025278488731630445,1.5528254898504983,-0.16652013969878376,-0.15206371073976774,2.1395259552230734,-2.5926006074117365,0.32048238138977997,2.275421478608949,0.8228063327600347,1.5902018990722364,0.5417765321182747,0.08452987386010798,0.8172634313531957,-0.7843108701295309,1.8449953183060983,0.0049855544381080885,0.48232946319865283,-0.24672897013942321,0.6493199882978274,0.7178077857145001,0.37420262074554467,0.6150006542426952,-0.8678309570566412,-0.5625124687545344,0.01583832977072475,-0.07966298436179738,-0.14200253430773868,-0.02751080870352076,-0.16667642274091352,1.949167216348642,-1.1839140352330484,-0.017837001803749565,-1.3583807160365329,7.176572204347005,1.5167217753793827,-0.7756825546985398,0.8311164542899191,-1.5716699468536228,1.198969532194853,3.634864495953668,-0.9436380789477773,0.034945969826882785,-0.1050261176329466,2.0419116328309608,0.6609720527248537,-1.9958799118711505,2.5673266644314277,0.08687654431354491,0.05450737495342511,0.1648137104111882,15.491442811150776,1.2719777712286608,-0.23665678027634104,-0.18026149098531113
WRT45,-0.02573177523283463,0.15385515511533535,-0.012202034433001557,-0.012202034433001557,0.3068727788877041,-0.288475500074578,0.3840738860870795,0.12386911752358815,0.2578249908712199,-0.013093996533513457,0.027218241382870597,-0.43809662965757834,-1.1098947643991877,2.3298055642448476,-0.44201614047223176,0.3914141746046883,-1.3411919917576343,-0.8199620769154619,-0.15405805995824234,-0.0927672640522614,1.0399844087619623,0.11918967602858538,-0.19182532911464845,0.6124143845693695,2.357524479156788,1.3961592048482239,0.6404613704969571,0.20502332314622831,0.779501068836098,0.011016592273836596,0.242055604417552,-0.39721803280749907,0.6369948757017622,0.5532462952139681,1.541470083127027,0.04527162749133959,0.3942198438897347,0.27208400304138564,-0.2195858059769926,0.1777367908423444,-0.049573495076925295,0.16683504440916974,4.101588820188736,0.07360281025354115,1.9572085751149308,1.0076351128921588,-0.014234675540392169,-0.04610636468390254,3.580055252729468,-0.9720490012763399,-1.3113291367303779,0.3905879741795569,0.6022992848347611,-0.32914890776457556,-0.4549511251701393,-0.033502956343898244,0.8872411475811857,-0.009438270763626822,-0.009779779354899393,0.41340237646888295,1.0855175577606997,-1.509094854648415,-0.09228349107695305,-0.07496882822191966,0.3413643676215512,-0.596000990777322,1.2719777712286608,5.285533107011266,-0.14757545934727323,-0.43338041078882844
WRT46,0.15870857398215224,0.10218589465445976,0.03739285411439195,0.03739285411439195,-0.10663518300661855,0.12798916402920976,-0.051813774901774294,-0.001442429026638061,-0.01581024846240708,0.013245652012239609,0.006664701222735153,-0.07109483580097918,0.3166402422446609,0.023811480959950213,-0.08204314009203571,0.043165036158551176,-0.40322295704699834,0.9263270482722092,-0.18904627089103934,-0.04390752860333365,0.06853161109018424,-0.25468701921618225,-0.05975283948411953,-0.26406509840756337,-0.318675092905221,-0.097587067761235,-0.11518205484627088,-0.07931251012319383,0.0011846528462872484,0.15589004678136528,-0.18913449063956767,-0.21262494167008672,0.17791262761767926,0.1556043684042204,0.07608343799221023,-0.02160173230353475,0.052410057705545035,0.0535265213653621,0.3604435011570488,0.25263969500654304,0.12253391250563989,0.04266269809759922,-0.5158210989366453,0.11756780366977623,-0.12729481636477782,0.031646339526008344,-0.1044204246209446,-0.2143245474081145,-0.4529560472544853,-0.6507018040300366,0.2684475076301563,0.10200699794534301,0.24233463341351819,0.08974738892478884,-0.1676828286710599,0.18818681369810886,0.06045426978538588,0.006129743034308577,-0.06657764069787328,-0.32247669611858826,-0.1803807381109064,0.29833744352645536,-0.38445762635939973,-0.08325503287074754,0.08332885803992732,0.3032046329178312,-0.23665678027634104,-0.14757545934727323,0.5920825538743645,0.2300282068117444
WRT47,0.2556886771491263,0.11970951097172966,0.06443040942881152,0.06443040942881152,-0.04329610780774694,0.1746603572835211,-0.029937331935748046,0.09538406779930891,0.29351038382711125,0.016898636953801872,0.009996605527630435,0.1825750300571555,0.08693135889021496,-0.17978424401380041,0.35889348689202066,-0.06931006104392343,0.0825863164670492,0.7190167757098416,-0.04756890174892239,0.0018873742523357146,-0.15953247785864272,0.03956017765305424,-0.0018019168513508054,-0.26209596090616283,-0.9927858646375509,-0.3297910403052796,0.1041598141592094,0.08926445053866115,-0.07772538464409706,-0.009401701680249718,-0.003972058714766584,-0.005733226283856302,0.2715368817809118,0.05810249797535584,-0.10457278373258193,-0.071799585608865,0.0054098190212834,-0.04503870198118769,0.2707554722862369,0.018992761971780295,0.024938018355452552,0.0041589068137228204,-0.5386137086074585,0.02713638885773216,0.1976547916011667,0.08257452738089302,0.06674098245993478,0.1187035727847341,-0.43692838273209605,0.04463308043493406,0.3909780542057241,0.0319165049850319,-0.03908814736884711,0.23479463117089697,0.09704141273473195,0.2323299761374503,-0.19149491773179547,0.007936148035365404,-0.06441012292551106,-0.09626152454435323,-0.08983810420141541,0.11987846761010831,-0.08198341727068159,-0.032888514090360366,-0.021765199058827595,-0.01721269188320853,-0.18026149098531113,-0.43338041078882844,0.2300282068117444,0.47853550037683945
